JYUTPING	IPA	CHAR
a3	∅ɐ33	亞{(語)這，弱讀，進而變爲[∅ə33]},阿{(語)這，弱讀，進而變爲[∅ə33]},啊{(語)弱讀，進而變爲[∅ə33]}
aa1	∅a55	一{(語)弱讀},鴉,啊{表驚訝},呀,吖{語氣詞},丫
aa2	∅a35	啊{表疑問},嗄{同啊字},啞{啞巴}
aa3	∅a33	亞{亞洲；近指代詞，這，又作阿字，本字箇},阿{阿哥；近指代詞，這，又作亞字，本字箇},錒,氬,掗{掗賈},婭,埡,啊{表讚歎}
aa4	∅a21	啊{表惋惜}
aa6	∅a22	啊{句首表應答或醒悟，句末表驚歎}
aai1	∅ai55	哎,挨{挨近},埃{(白)埃及},噯{同哎字},唉{表應答或嘆息，唉聲嘆氣}
aai2	∅ai35	欸{欸乃}
aai3	∅ai33	嗌{罵；喊叫},餲{(又)},隘
aai6	∅ai22	唉{表惋惜}
aak3	∅ak3	軛{牛軛；鐲子，俗字鈪},鈪{粵字，鐲子，本字軛},軶
aan2	∅an35	俺{(又)}
aan3	∅an33	晏{晚、遲，起～哂；～晝，中午，食～，吃午飯}
aang1	∅aŋ55	罃,罌{罐子}
aap3	∅ap3	壓{(又)},鴨,押
aat3	∅at3	咹{吃},餲{食物腐臭變味},閼{閼塞},遏,胺{胺臭},猰,揠,壓,堨{阻塞；堤堰}
aau1	∅au55	凹{與凸相對},嗷{(語)象聲詞；語氣詞}
aau2	∅au35	拗{(文)}
aau3	∅au33	坳{(文)高峯坳，地名},𥁒,靿,詏{(文)},拗{(文)}
ai1	∅ɐi55	哎{(又)},誒{(又)表招呼},矮{(白)},欸{(又)表招呼},唉{(又)}
ai2	∅ɐi35	欸{(又)表詫異},誒{(又)表詫異},矮
ai3	∅ɐi33	嫕,翳{遮蔽；〈語〉～氣，窩火，又作曀字},縊,瞖,曀,悘{恭敬；安靜}
ai6	∅ɐi22	唉{(又)}
ak1	∅ɐk5	偓,齷,餩{打嗝聲；打～，打嗝，又作呃字},阨,螠{(語)古壯字，～虵，蛤蚧},苊,渥,搤{同扼字},握,扼,戹,幄,喔{雞啼聲},啞{啞然失笑},呝{同呃字},呃{打～，打嗝，又作餩字},厄
am1	∅ɐm55	唵{唵嘛呢叭咪吽},鵪,諳,菴{菴藹},腤,盦,庵{尼姑庵},广{同庵字}
am2	∅ɐm35	咹{同唵字},黯,罯{魚網},揞{用手捂，與搕對轉},埯,垵{同埯字；新垵，地名},唵{含}
am3	∅ɐm33	暗,闇{愚闇},窨{(白)～熟，捂熱}
am4	∅ɐm21	唵{(又)含，童語}
an1	∅ɐn55	恩,蒽
an3	∅ɐn33	𠡧{古壯字，有節制、估量，分～，分寸，疑本字𢷍},𢷍{(語)有節制、估量，分～，分寸，古壯字𠡧}
ang1	∅ɐŋ55	鶯
ang2	∅ɐŋ35	哽{～腳，硌腳，又作𬒔字},𬒔{石傷腳底}
ang3	∅ɐŋ33	嗯{(語)使勁憋，～屎，拉屎，擬聲或啊嗯的合音}
ap1	∅ɐp5	姶,腌{～臢，不潔},罯{捂、敷，又作搕/罨/盦字},罨{捂、敷，又作搕/罯/盦字},盦{(又)},浥{(語)～汁，陰暗潮溼},搕{捂、敷，與揞對轉，又作罯/罨/盦字}
at1	∅ɐt5	一{(語)弱讀},扤{用力塞}
au1	∅ɐu55	區{姓},鷗,謳,甌,熰{旱熱},毆,歐
au2	∅ɐu35	嘔,𠙶,塸
au3	∅ɐu33	慪{慪氣},熰{煖},漚
baa1	pa55	䰾,豝,蚆,葩{奇葩},芭,舥{(又)},羓,粑,笆,疤,爸,巴{～結},峇{峇厘島},岜,妑{(又)},吧{酒吧},叭{象聲詞；喇叭；唵嘛呢叭咪吽}
baa2	pa35	㞎{(又)},靶,鈀{金屬元素，符號Pd},把{把握}
baa3	pa33	垻{平川},霸,灞,欛{刀～，刀柄},壩{堤壩}
baa6	pa22	吧{助詞},罷,巴{(語)冚～唥，同冚𠾴（唪）唥，全部，又進而弱讀[pɐ22/pə22]}
baai1	pai55	䠋{蹟䠋},掰{掰開}
baai2	pai35	捭,襬{下襬},擺{擺放}
baai3	pai33	㗑,湃,拜
baai6	pai22	唄{唄唱，梵唄},稗,敗
baak1	pak5	啪{(語)噼[pɛk5]～筒，唧水筒}
baak3	pak3	伯,蘗{(文)},薜{當歸；山麻},百,檗{(文)},柏{(文)},佰
baak6	pak2	僰,鮊,踣,蔔{蘿蔔},菔{(又)},白,帛,匐{(又)}
baan1	pan55	㿀,𨭉,頒,癍,瘢,班,斑,攽
baan2	pan35	坂,阪,闆{老闆},鈑,蝂,舨,版,板,昄,扳{扳手}
baan3	pan33	拌{(語)摔、摔打，又作𢴬/𢲔/扮/絆字},𢴬{摔、摔打，一說本字拌},𢲔{摔、摔打，一說本字拌}
baan6	pan22	埿{淤泥，爛～田，爛泥田，又作湴字},𦝤,辦,瓣,湴{淤泥，爛～田，爛泥田，又作埿字},扮
baang1	paŋ55	乓{(白)},嘭{(語)擬聲詞；詞綴，聾～～，聾貌}
baang4	paŋ21	嘭{(語)擬聲詞，～一聲，呯[peŋ21]呤～啷[laŋ21]}
baat3	pat3	八{(文)},朳,捌{(文)無齒杷},扒{扒皮},哵
baat6	pat2	坺{臿土；地名},鮁,魃,鈸,跋{題跋},菝,茇{草根},胈,拔{拔河},妭
baau1	pau55	包{(文)包工，包公，包辦},鮑{鮑魚；姓},褒{(又)白讀},苞,胞{細胞},枹{枹樹},孢
baau2	pau35	飽{(文)}
baau3	pau33	爆{(文)爆料[liu35]，爆吧[pa55]，新詞多讀},趵,豹{豹子}
baau6	pau22	骲{(文)},齙{(文)}
bai1	pɐi55	㝿{(又)},𨃅{瘸，又作跛字},鎞{釵},跛{(訓)瘸}
bai2	pɐi35	稗{(又)}
bai3	pɐi33	背{(語)～時、～竅，倒楣，又作閉時、閉竅，官話借詞},閉,轡{(又)},蔽{(書)}
bai6	pɐi22	坒,𡃇,陛,鐾,薜{薜荔},狴,梐,斃{(書)},敝{(書)},弊{(書)作弊；糟糕},幣
bak1	pɐk5	北
bam1	pɐm55	泵
bam2	pɐm35	渢{(語)重物落水聲},韸{(語)鴨韸[pɐm21]～，鴨的嗉胞}
bam4	pɐm21	韸{(語)響～～，轟轟響，又作𠵔字；鴨～韸[pɐm35]，鴨的嗉胞}
bam6	pɐm22	𦝤{(語)虛胖}
ban1	pɐn55	儐{尊敬},鬢{(常)},髕,鑌,錛,邠,賓,賁{虎賁；姓},豳,臏,繽,玢{玉名},犇,濱,浜{同濱字},汃{同邠字},殯{(常)},檳,栟{栟茶},斌,攽{(又)},彬,嬪{(常)},奔
ban2	pɐn35	稟{稟告}
ban3	pɐn33	儐{儐相},鬢,逩{投向、掙紮},殯,擯,捹{手亂貌；〈語〉旋轉，～螺螺，團團轉，古壯字⿰車奔}
ban6	pɐn22	倴,笨,坌
bang1	pɐŋ55	嘣,鏰,蹦,繃{繃帶},綳{同繃字},絣,祊,崩
bang2	pɐŋ35	絣{(又)},繃{(語)～耿，古板},綳{(又)}
bang3	pɐŋ33	堋{喪葬下土}
bang4	pɐŋ21	嘣{(語)象聲詞，～一聲}
bang6	pɐŋ22	䨻,𠾴{冚～唥，全部，又作唪字},憑{倚靠，本字凭},唪{(語)冚～唥，全部，又作𠾴字},凭{倚靠}
bap1	pɐp5	卟{(語)用力甩、糊上；耷拉、垂下；摔落聲}
bap6	pɐp2	卟{(語)跌落聲；心跳聲}
bat1	pɐt5	不{不能},𢳂{舀，本字拂},鈈,蹕,蓽,篳,筆,畢,珌{(又)},滭,嗶
bat6	pɐt2	咇{(又)},邲{地名；姓},苾{苾苾},弼
bau6	pɐu22	䏽{瘻～，不整潔，臃腫}
be1	pɛ55	啤{啤酒，德語bier},裨{(語)併連、併生，古壯字⿱敞牙},屄{(白)女陰}
be2	pɛ35	㞎{㞎[pɛ21]～，屎，童語}
be4	pɛ21	疤{(語)麻～，麻子}
be6	pɛ22	唄{語氣詞}
bek1	pɛk5	噼{(語)～啪[pak5]筒，唧水筒}
ben1	pɛn55	砭{(白)},邊{(白)破邊，剖開兩半}
ben2	pɛn35	匾{(白)},貶{(白)貶值},揙{(白)打},扁{(白)扁菜；扁桃體；打，又作揙字}
beng2	pɛŋ35	鉼{餅狀金屬塊},餅
beng3	pɛŋ33	柄{(白)名詞，刀～}
beng6	pɛŋ22	病
bet2	pɛt35	哵{(語)鴨哵[pɛt2]～，童語}
bet3	pɛt3	八{(白)},朳{(白)},捌{(白)八字大寫},哵{(白)}
bet6	pɛt2	哵{(語)鴨～哵[pɛt35]，童語},跋{(白)罕讀},癟{(白)溼～～，溼貌，腍～～，軟貌；屌那咩之～，詈語，應借自客家話},拔{(白)罕讀},坺{(白)罕讀}
beu1	pɛu55	包{(白)打包，麻包，包粽},苞{(白)},胞{(白)胞胎}
beu2	pɛu35	飽{(白)}
beu3	pɛu33	爆{(白)爆炸，爆開},豹{(白)}
beu6	pɛu22	骲{(白)用力擠；豬用嘴拱},齙{(白)～牙}
bi1	pi55	卑,鵯,陂{山坡},裨{裨益},蓖,萆{萆薢},羆,碑,椑{椑柿},悲,屄{(文)},埤{同卑字},啤{(語)詞綴，青～～，青青的}
bi2	pi35	䠋{同髀字},髀{大腿},譬{(訓)訓讀比},舭,肶,秕,畀{給},沘,比,彼{(又)},媲{(訓)訓讀比},妣,吡{吡啶，吡咯},俾,佊
bi3	pi33	匕,閉{(又)},鉍,邲{好貌},轡,賁{賁臨},詖,芘{同庇字},臂,肸{地名},秘,祕,痺,痹,潷{擋住渣滓，把液體倒出},泌,毖,怶,庇
bi6	pi22	備,鼻,髲,鞴,鞁,陛{(又)},鎞{同篦字},避,贔,被{被動},蔽{(習)},糒,篦,箅,箄{漁具},狴{(又)},梐{(又)},斃{(習)},敝{(習)},憊,弊{(習)作弊},庳{房屋矮小；低窪；有庳},幣{(又)},婢,奰,坒{(又)},嚊{喘息聲}
bik1	pek5	偪,鰏,逼,迫{(又)訓讀逼，罕讀},躄,襞,碧,皕,璧,煏{用火烤},愎,愊,壁
bin1	pin55	煸{(又)},鯿,鞭,邊,辮,蝙{(又)},萹{萹蓄},緶{同辮字},籩,砭,甂{打甂爐}
bin2	pin35	便{(白)順便，隨便},貶{(文)},褊{褊狹},窆,碥,揙{(文)},扁{(文)},匾{(文)}
bin3	pin33	變
bin6	pin22	便{方便},𨚕,邲{水名},辯,辨,苄,汴,昪,抃,忭,弁,卞
bing1	peŋ55	乒,栟{栟柑，栟櫚},掤,并{并州},冰,兵
bing2	peŋ35	丙,鞆,邴,蛃,秉,炳,昺,屏{屏除，屏息}
bing3	peŋ33	併{合併},迸,竝{(又)},柄{(文)量詞，把},摒,并{(又)同併字，合併}
bing4	peŋ21	呯{(語)擬聲詞，～呤嘭[paŋ21]啷[laŋ21]}
bing6	peŋ22	並{並且},竝,并{同並字，並且}
bit1	pit5	佖,鉍{(又)},觱,珌,必,咇
bit3	pit3	彆{彆扭},鼈,鱉,蹩{(常)蹩腳，後字調感染},憋
bit6	pit2	別{離別；區別},馝,蹩,苾{菜名},癟{癟三，癟陷}
biu1	piu55	䅺{冒出},驫,驃{黃白色的馬},飈,飇,飆,颮{扶揺風；同飆字},鑣,鏢,錶{手錶},藨,蔈,臕,膘,穮{除草},瘭,猋,熛{火飛},瀌,滮,標,杓{勺子柄},摽{揮去；拋棄},彪,幖,儦
biu2	piu35	俵,裱,表{表面},脿,婊
biu3	piu33	嫑
bo1	pɔ55	啵,𨨏,菠,般{般若},磻{繳矢所用石塊},玻,波{波浪；〈外〉球，～鞋，英語ball},嶓
bo2	pɔ35	㝿,跛
bo3	pɔ33	噃{語氣詞},蕃{吐蕃},簸{〈名〉簸箕；〈動〉簸穀},播
bo6	pɔ22	薄{薄荷，又作蔢𦽅}
bok1	pɔk5	㩧{敲，～一棍},𦢊{泡、皰，又作泡/㿺字},泡{(語)泡、皰，又作𦢊/㿺字},欂{～碌，柚子},嚗{(語)～佬，土包子，一說本字儤/𢖔},儤{(語)～佬，土包子，俗字嚗},㿺{泡、皰，又作泡/𦢊字}
bok3	pɔk3	䭦{同餺字},駁,餺,鎛,膊,縛{(又)},猼{猼訑},搏,壆{壟},嚗{象聲詞；怒聲},博,剝,亳
bok6	pɔk2	帛{(又)},魄{(又)落魄，又作落泊/落薄},雹,鉑,薄{厚薄},舶{(文)},箔,礴,礡,濼{同泊字},泊{(文)淡泊}
bong1	pɔŋ55	乓{(文)},𠳐,邦,縍,浜{小河},梆,幫
bong2	pɔŋ35	榜,髈{同膀字},謗{(又)},蒡{牛蒡},膀{肩膀},綁,牓{同榜字；門～，門匾}
bong3	pɔŋ33	搒{划船},甏
bong4	pɔŋ21	𩐨{(語)敲～～，敲大鑼}
bong6	pɔŋ22	傍{依傍},鎊,謗{誹謗},磅{過磅，英語pound},棓{同棒字},棒,塝
bot1	pɔt5	𠼭{(又)}
bot6	pɔt2	𦤣{(語)屁聲}
bu1	pu55	峬,鈽,逋,褒,煲{瓦煲，煲湯},晡
bu2	pu35	保,𨰻,鴇,褓,補,葆,寶,堡,埔
bu3	pu33	佈{佈置},怖,布{布匹},報,儤
bu6	pu22	哺{(又)},鵏,部,虣,蔀,菢{孵},簿,爆{(又)爆炸},瀑{(常)瀑布},步,曝{(常)曝曬，曝光},暴,捕{(又)},埠{埠頭，又作埗字；石埠，地名},埗
bui1	pui55	杯,誖{(語)吹捧},盃{獎盃},桮
bui3	pui33	揹{揹負},鋇,邶,輩,貝,褙,背{背脊},狽,浿,梖
bui6	pui22	孛{彗星},誖{同悖字},苝,背{背書},焙,悖,怫{同悖字}
buk1	pʊk5	卜{(又)},欂{(又)},卟{(又)卟吩}
buk6	pʊk2	伏{(白)趴},襆{(又)},瀑,曝,幞{(白)量詞，把、串，兩～，與埲/朋對轉；名詞，風～，風疹}
bun1	pun55	搬,般{搬運}
bun2	pun35	本,苯,畚
bun3	pun33	半,靽
bun6	pun22	伴{～侶，伙～},絆,畔,泮{同畔字},柈{大塊的劈柴},拌{攪拌}
bung1	pʊŋ55	綳{(又)},韸{(語)脹～～，脹鼓鼓，或與繃相關},繃{(語)脹～～，脹鼓鼓，俗字韸}
bung2	pʊŋ35	捧{(白)},菶,甭,琫,玤,渢{(語)重物落水聲}
bung4	pʊŋ21	韸{(語)～～聲，嘭嘭響}
bung6	pʊŋ22	䭰,𩗴,朋{(語)量詞，簇、串，俗字埲},埲{塵起貌；〈量〉簇、串，或與朋相關}
but1	put5	𠼭{汽笛聲；～～車，汽車，童語}
but3	put3	潑{(又)活潑},鱍,鉢,缽,砵
but6	put2	勃,𦤣,𡋯,鵓,馞,餑,鈸{(又)},襏,荸,脖,渤,浡,桲,撥,孛{同勃字},哱
caa1	tʃʰa55	䟕,蹅{踏},杈,揢{(又)掐，又作叉/扠/掐字},掐{(語)掐，又作叉/扠/揢字},扠,差{差別},叉
caa2	tʃʰa35	鑔
caa3	tʃʰa33	侘,詫,衩,汊,岔,奼
caa4	tʃʰa21	垞,𥻗,餷,茶,茬{麥茬},苴{枯草},槎,查{調查},搽,嵖
caai1	tʃʰai55	偲{多才},釵,猜,搋{搓揉，～麪},差{出差}
caai2	tʃʰai35	䐆{(語)牛～，牛下水},踹{踩},踩{踩踏，本字跐},跴{同踩字},跐{同踩字}
caai3	tʃʰai33	嘬{咬；吃},蠆,瘥{病癒}
caai4	tʃʰai21	儕{同儕},豺,茈{茈胡},柴,喍
caak1	tʃʰak5	吒{叱吒}
caak3	tʃʰak3	㿭{皴；沙哑},蓛,簎,箣,策,柵{柵欄},拆,坼,冊
caak6	tʃʰak2	賊{(又)}
caam1	tʃʰam55	參{參加},驂,辿{(又)},攙{攙扶},摻{同攙字}
caam2	tʃʰam35	噆{叼、銜；咬、叮},黲,篸{箕，垃圾～},穇{穇子},朁,旵,憯,慘
caam3	tʃʰam33	儳{儳言},杉,懺,忏
caam4	tʃʰam21	儳{不齊},饞{嘴饞},鑱{(文)},讒,蠶,蚕,攙{(文)},慚,巉,劖{(文)}
caam5	tʃʰam24	㔆{刺、扎，與插對轉}
caan1	tʃʰan55	喰,餐,湌
caan2	tʃʰan35	剗,鏟{(文)鏟車},產,滻,剷{(文)}
caan3	tʃʰan33	孱{孱頭},羼,粲,璨,燦
caan4	tʃʰan21	殘
caang1	tʃʰaŋ55	撐{撐船，支撐},鐺{平底煎鍋},鎗{金鐘之聲},罉{平底煎鍋，本字鐺},瞠,爭{(又)欠},橕
caang2	tʃʰaŋ35	橙
caang3	tʃʰaŋ33	撐{(又)撐場},𨆪{(又)},𨅝{(又)},𥋇{粵字，睜、瞪，本字瞠},鋥{鋥光},牚{椅子牚}
caang4	tʃʰaŋ21	倀{獨立貌},棖,朾{朾螘},撜{同掁字},揨,掁
caap3	tʃʰap3	㮑{木折聲},𠝞{切物聲},鍤,臿,插{(文)},扱{插；挹取}
caat3	tʃʰat3	刷{(訓)訓讀擦},𩟔{～飯，吃的俗稱，又作擦字},獺,涮{(又)訓讀擦},欻{急促的聲響},檫,攃{摩擦},擦{擦拭；〈語〉～飯，吃的俗稱，又作𩟔字},察,嚓,唰
caau1	tʃʰau55	勦{勦襲},𤙴{(文)},鈔{鈔票；同抄字},摷{取},抄{(文)}
caau2	tʃʰau35	㥮{(又)},炒{(文)},吵{吵嚷}
caau3	tʃʰau33	抄{(文)},肏{(又)},耖
caau4	tʃʰau21	䩌{(語)褶皺，又或䐬字},巢
cai1	tʃʰɐi55	凄,郪,萋,淒{淒涼},棲,栖,悽{悽慘},妻
cai3	tʃʰɐi33	傺,磜{(又)},砌,瘛,沏{沏茶},切{一切}
cai4	tʃʰɐi21	薺{荸薺，薺菜},齊,鱭,蠐
cak1	tʃʰɐk5	厠{厠足，厠身},測,惻,廁{廁足，廁身}
cak6	tʃʰɐk2	蠈,鰂{烏鰂，即烏賊},賊{做賊}
cam1	tʃʰɐm55	侵,駸,諃,祲{(又)},棽,摻{摻雜，摻水},嵾,參{參差}
cam2	tʃʰɐm35	寑,鑔{(語)鑔聲，本字鍖},鍖{鍖銋；〈語〉鑔聲},磣,寢
cam3	tʃʰɐm33	唚,讖,譖{(又)},滲{(白)水滲透},浸{(語)量詞，層，與緝對轉},噆{(語)～氣，晦氣，又作譖字}
cam4	tʃʰɐm21	噚,鱘,鐔{姓},鄩,覃{姓},蟫{蟫蟫},蕁,璕,爓{同燖字},燖,潯,潛{(又)},涔,沉{沉沒},沈{沈沒},梣,撏{撏扯},岑,尋{尋找；～日，昨晚的合音}
cam5	tʃʰɐm24	滲{(又)}
can1	tʃʰɐn55	伸{(語)～手，～懶腰，～直，又作抻/胂字},鶉,鰆,逡,親{親切},蝽,膥{卵},胂{伸也，～手，～懶腰，～直，俗作抻字},瞋,皴,瑃,椿,春,捵{同抻字},抻{～手，～懶腰，～直，又作伸/胂字},堾,嗔{生氣}
can2	tʃʰɐn35	吲{同哂字},鬒,辴,軫,診,袗,蠢,縝,稹,矧,疹,疢{(又)},畛,槙{木密},槇{木密},昣,哂{哂笑}
can3	tʃʰɐn33	櫬,齔,趁,親{親家},襯,疢
can4	tʃʰɐn21	嗪,陳,螓,蓁{蓁椒},臣,紃,秦,溱{溱潼},旬,揗{撫摩；順從},循,巡,塵
cang1	tʃʰɐŋ55	噌{叱責；噌吰}
cang3	tʃʰɐŋ33	蹭
cang4	tʃʰɐŋ21	䉕,鄫,曾{曾經},嶒,層
cap1	tʃʰɐp5	㮑{(語)脆～～，非常脆},𠝞{(語)剪物聲},輯,蕺,葺,緝,楫{舟楫，讀同咠；同輯字，聚集},戢,咠
cat1	tʃʰɐt5	七,齣{(又)},黜{(又)},詘{(又)},猝{(又)},漆,桼,柒,怵{(又)},出{(又)}
cau1	tʃʰɐu55	抽,鶖,鰍,鞧,鞦{鞦韆},萩,篘,秋,瘳,湫{水潭},楸,搊,掫{拿取東西}
cau2	tʃʰɐu35	丑{子丑},醜{醜惡},瞅,杻{古刑具，似手銬},侴
cau3	tʃʰɐu33	嗅{嗅覺},齅{同嗅字},輳,蔟{太蔟},臭,腠,糗,溴,湊,殠
cau4	tʃʰɐu21	仇{仇敵；姓，舊讀},酬,酋,遒,躊,讐,讎,蝤{蝤蠐},綢,籌,稠,疇,犨,泅,椆{椆木，椆水},愁,惆,幬{床帳；車帷},囚,儔
ce1	tʃʰɛ55	俥,車{車輛},硨,嘁{(語)語氣詞，表輕蔑，又作唓字},唓{～咧[lɛ55]，話多、愛表現，本字啁嘐（嘐啁）}
ce2	tʃʰɛ35	且,撦,扯,尺{工尺}
ce3	tʃʰɛ33	笡{斜、陡},趄{傾斜；趔趄}
ce4	tʃʰɛ21	㙦,邪{邪惡},斜
cek3	tʃʰɛk3	刺{(白)刺骨，頭刺，肉刺},尺{尺寸},呎
cem1	tʃʰɛm55	鵮{鳥啄物}
cem2	tʃʰɛm35	篸{(白)},鑔{(語)～～，鈸，本字鍖},鍖{(語)～～，鈸}
cem4	tʃʰɛm21	劖{(白)刺入，與插對轉，又作鑱/攙字},鑱{(白)刺入，與插對轉，又作攙/劖字},攙{(白)刺入，與插對轉，又作鑱/劖字}
cen2	tʃʰɛn35	剷{(白)剷走，剷除},鏟{(白)鑊鏟；鏟走}
ceng1	tʃʰɛŋ55	清{(白)水清},青{(白)青色，面青青，青菜}
ceng2	tʃʰɛŋ35	請{(白)}
cep1	tʃʰɛp5	𠝞{(語)剪物聲}
cep3	tʃʰɛp3	插{(白)}
cet1	tʃʰɛt5	𠯦{詞綴，短～～},𢪃{切開}
ceu1	tʃʰɛu55	抄{(白)抄書},𤙴{(白)牴}
ceu2	tʃʰɛu35	吵{(白)吵耳},炒{(白)}
ceu3	tʃʰɛu33	抄{(白)翻找、亂翻}
ci1	tʃʰi55	呲{斥責},齹{齒參差},齝,黐{黏、粘},鴟,魑,髊,骴,飺,雌,郗{姓},趀,誺{不知},蠀{蠀螬},螭,蚩,胵{膍胵},縒{參縒，同參差},絺,笞,眵,眥{睚眥，讀同疵},癡,痴,疵,瓻,玼{玉的疵點},摛,差{參差},媸,嘁{嘁嘁喳喳},嗤,哧
ci2	tʃʰi35	佌,齒,鮆,鉹,跐{踏；腳下滑動},豕,誃{離別},褫,胣,矢,玼{鮮明},泚,此,恥,恀{仗恃；有恃無恐},姼{(又)},始,奓{同侈字},哆{張口},侈
ci3	tʃʰi33	伺{伺候，伺機},饎,跮{跮踱},賜,覗,蛓{(又)},蚝{同蛓字},莿,胵{芙胵},翨,翅,絘,笥,眙{直視},痓,熾,次,朿,廁{廁所},庛,幟,啻,厠{厠所},刺{魚刺，刺刀},儩,佽,佁{佁儗}
ci4	tʃʰi21	匙{匙羹},鷀,鶿,馳,餈,鈶{同柌字},遲,辭,踶{踶躕},踟,趍{趍趙},貾,謘,詞,蚳,薋,荎,茲{龜茲},茬{草盛貌；姓},茨,茌,茈{鳧茈},臍,糍,篪,祠,磁,瓷,濨,澬{古水名},泜{水名，在河北},池,歭{歭躇，同踟躕},柌,持,慈,弛,墀,坻{水中高地}
ci5	tʃʰi24	似,鈶{耒端；矛屬},跱{(又)},洍,汜,恃,峙{(又)},姒
ci6	tʃʰi22	嗣,飼,飤{同飼字},食{同飼字；簞食壺漿},寺{(又)}
cik1	tʃʰek5	㡿,鶒,飭,鏚{鏚斧},赤,螫{(又)},蓛{(又)},槭{槭樹},斥,敕,摵{粵字，提，與掅對轉},抶,戚{親戚；姓},慽,慼{悲慼},彳,嘁{(又)},哧{(又)},叱
cim1	tʃʰim55	僉,錟{同餂字},鋟,銛,鉆{鑷子},遷{(習)},襜,薟{豨薟},纖{纖細},籤{抽籤},籛{(又)},簽{簽字},箋,牋,殲,櫼,憸,孅
cim2	tʃʰim35	諂
cim3	tʃʰim33	僭,韂,槧,暹,懺{(又)},塹
cim4	tʃʰim21	撍{拔、抽，又作撏字},灊,潛,撏{拔、抽，又作撍字}
cin1	tʃʰin55	仟,韆{鞦韆},阡,釺,遷{(書)},躚,芊,箋{(又)},牋{(又)},梴,杄,扦,圲,千
cin2	tʃʰin35	嘽{寬舒},闡,蕆,燀{炊},淺,囅
cin3	tʃʰin33	倩{(又)},茜{(又)茜草}
cin4	tʃʰin21	前,錢,辿,躔,纏,瀍,廛,媊{(又)}
cing1	tʃʰeŋ55	偁{同稱字},鯖{魚名},青{青年，青春},赬,蟶,蜻,虰{虰螘},腈{(又)有機化合物},粁,稱{稱呼},清{清理},氰,檉,圊,僜{醉行貌}
cing2	tʃʰeŋ35	庱,騁,請
cing3	tʃʰeŋ33	偁{同稱字},稱{稱心},秤,碃,掅{揪住；提，與摵對轉}
cing4	tʃʰeŋ21	䝼{承受財物},餳{飴，糖稀},酲,逞{逞強，得逞，讀同呈},裎,程,珵,澄{澄清},澂{澄的本字},晴,成{(又)成數，幾成},懲,憕,情,埕{罈子},呈
cip3	tʃʰip3	唼{唼佞},妾
cit3	tʃʰit3	㬚,設,竊,澈,沏{水聲},撤,掣{(又)風馳電掣},懘{(又)},徹,切{切開}
ciu1	tʃʰiu55	啾{(語)打乞～，打噴嚏，又作𠰉字},鍬,釗,超,繰{繰邊},炤{同昭字},昭,悄,怊,弨,幧
ciu2	tʃʰiu35	愀
ciu3	tʃʰiu33	俏,鞘,誚,肖{生肖，肖像},帩,峭
ciu4	tʃʰiu21	䩌,譙,瞧,燋{同憔字},潮,樵,朝{朝代；朝鮮},晁,憔,劁
co1	tʃʰɔ55	初,蹉,磋,瑳,搓,嵯
co2	tʃʰɔ35	憷,齼,脞,礎,濋,楚
co3	tʃʰɔ33	剉,錯{錯誤},銼,莝,棤{(又)},措,挫
co4	tʃʰɔ21	痤,齹{齒根},鹺,鋤,鉏{同鋤字},酇{古縣名；白酒},蒫,矬,瘥{病疫}
co5	tʃʰɔ24	坐{坐車，坐標，坐臥，濁上變去未發生}
co6	tʃʰɔ22	昨{(語)又作坐字，又或語流音變}
coek3	tʃʰœk3	㪕,鵲,雀,逴,踔,蔟{叉取},綽,碏,焯{略煮一下},淖{同綽字},汋{同婥字},棤{(又)},婼{不順從},婥
coeng1	tʃʰœŋ55	倀{爲虎作倀},鶬{鶬鶬；金飾貌},鯧,閶,鏘,鎗{同槍字},錆,蹌{動也；蹌蹌，舞貌},菖,箐{竹名},窗{窗口，舊讀},瑲,猖,槍,椙,昌,搶{以頭搶地},戧{逆},娼,囱{同窗字，舊讀},囪{同窗字，舊讀},嗆{吃飯嗆着},倡{倡優；提倡，倡議}
coeng2	tʃʰœŋ35	搶{搶奪}
coeng3	tʃʰœŋ33	倡{(又)提倡，倡議},鬯,韔,蹌{踉蹌},瑒{祭祀之圭},熗,暢,戧{撑},悵,嗆{油煙嗆人},唱
coeng4	tʃʰœŋ21	償,鱨,長{長短},詳,薔,萇,腸,翔,祥,牆,檣,戕,徜,廧,庠,常,嬙,嫦,墻,場,嚐{品嚐},嘗{嘗試}
coi1	tʃʰɔi55	啋
coi2	tʃʰɔi35	䐆,采,茝{香草名},綵{剪綵},睬,採,彩{光彩},寀
coi3	tʃʰɔi33	埰{埰地},蔡,菜,縩,棌
coi4	tʃʰɔi21	才{才華},財,豺{(常)豺狼},裁,纔{剛纔},材
cok3	tʃʰɔk3	剒,錯{交錯},縒{縒綜，同錯綜},擉{～人，用肘部擊人},戳
cong1	tʃʰɔŋ55	䱽,鶬{鶬鶊},蒼,艙,窗{(又)新讀},瘡,滄,囱{(又)同窗字，新讀},囪{(又)同窗字，新讀},創{創傷},傖,倉
cong2	tʃʰɔŋ35	厂{同廠字},駔{駔子},闖{闖入},鋹,氅,昶,敞,惝,廠
cong3	tʃʰɔŋ33	刱,闖{(語)撞，～爛，～倒},愴,創{創造}
cong4	tʃʰɔŋ21	噇,藏{隱藏},牀,橦{竿},床,幢{人影幢幢，經幢}
cot6	tʃʰɔt2	腏{(語)男陰，戳物的合音，俗字𨳍},𨳍{男陰，戳物的合音，又作腏字}
cu1	tʃʰu55	操{操作；操守},觕{同粗字},粗
cu2	tʃʰu35	艸{同草字},騲{騲雞},草
cu3	tʃʰu33	厝,𥖨,醋,酢{同醋字},躁,譟{譟動，鼓譟},藻{(常)水藻，小球藻，讀同燥/躁},肏,糙,燥,慥,噪{噪聲}
cu4	tʃʰu21	嘈,𥕢,螬,艚,漕,殂,槽,曹,徂,巢{(又)}
cui1	tʃʰui55	催,縗,璀,炊,榱,摧,崔,嗺,吹
cui2	tʃʰui35	揣,膪{囊膪},漼
cui3	tʃʰui33	啐,萃,膵,膬,脆,翠,粹,瘁,焠,淬,毳,悴
cui4	tʃʰui21	捶,𡃴,隨,隋,鎚,錘,沝{(又)},槌,椎{同槌/捶字},棰
cuk1	tʃʰʊk5	亍,齪,餗,閦,速,蹴,蹙,踧{踧踖},諔,觸,觫,触,蔟{蠶蔟},蔌,蓄,簌,簇,築{建築},筑{古代弦樂器},矗,畜{畜生；畜牧},琡,滀,涑,束,斶,搐,俶{開始；整理},促
cung1	tʃʰʊŋ55	㳘,驄,鏦,衝{衝鋒},蔥,蓯,葱,茺,艟{(又)},舂,聰,翀,璁,珫,熜{微火；熱氣},涌{小河，本字衝/潼；地名},沖{沖洗},樅{冷杉},摏,憧,怱{同匆字},忡,囱{煙囱},囪{煙囪},匆,充
cung2	tʃʰʊŋ35	埫,慫{(又)},寵
cung3	tʃʰʊŋ33	㧤,銃,蹱{(語)躘[lʊŋ33]～，踉蹌；唦[ʃa21]哩[li55]躘[lʊŋ21]～，莽撞},揰
cung4	tʃʰʊŋ21	㗰,重{重複},賨,蟲,虫{同蟲字},藂,种{姓},琮,潨{水流匯合處},潀{水流匯合處},淙{(書)},松{松樹，松木},悰,從{跟從；從容，已統讀},崇,叢,从
cung5	tʃʰʊŋ24	重{輕重，重要，重病，濁上變去未發生}
cy1	tsʰɿ55	呲{(老派)},齹{(老派)},髊{(老派)},骴{(老派)},飺{(老派)},雌{(老派)},趀{(老派)},蠀{(老派)},縒{(老派)},眥{(老派)},疵{(老派)},玼{(老派)},差{(老派)參差}
cy2	tsʰɿ35	佌{(老派)},鮆{(老派)},跐{(老派)},玼{(老派)},泚{(老派)},此{(老派)}
cy3	tsʰɿ33	伺{(老派)},賜{(老派)},覗{(老派)},蛓{(又)},蚝{(老派)},莿{(老派)},絘{(老派)},笥{(老派)},次{(老派)},朿{(老派)},廁{(老派)},庛{(老派)},厠{(老派)厠所},刺{(老派)},儩{(老派)},佽{(老派)}
cy4	tsʰɿ21	慈{(老派)},鷀{(老派)},鶿{(老派)},餈{(老派)},鈶{(老派)},辭{(老派)},詞{(老派)},薋{(老派)},茲{(老派)龜茲},茬{(老派)},茨{(老派)},茌{(老派)},茈{(老派)},臍{(老派)},糍{(老派)},祠{(老派)},磁{(老派)},瓷{(老派)},濨{(老派)},澬{(老派)},柌{(老派)}
cy5	tsʰɿ24	似{(老派)},鈶{(老派)},洍{(老派)},汜{(老派)},姒{(老派)}
cy6	tsʰɿ22	嗣{(老派)},飼{(老派)},飤{(老派)},食{(老派)},寺{(又)}
cyu1	tʃʰy55	坥,鶵{(又)},雛{(又)},趨,趍{同趨字},貙,蛆,芻
cyu2	tʃʰy35	取,娶
cyu3	tʃʰy33	處{處所，到處},趣,覷
cyu4	tʃʰy21	儲,鶵,雛,除,鉏{古國名},躕,躇,蜍{(又)},滁,涂{水名},櫥,徐,廚
cyu5	tʃʰy24	佇,貯,詝,褚,處{相處，處理},苧,芧{同苧字},紵,竚,砫,楮,柱,杼,杵,拄{(又)},宁{門屏之間}
cyun1	tʃʰyn55	堾{(老派)},鶉{(老派)},鰆{(老派)},鑹,邨,逡{(老派)},躥,蝽{(老派)},膥{(老派)},穿,皴{(老派)},瑃{(老派)},汆,氚,椿{(老派)},村,春{(老派)},川
cyun2	tʃʰyn35	喘,踹{足跟},蠢{(老派)},舛,揣{(又)},忖
cyun3	tʃʰyn33	串,釧,篡,竄,爨,攛,寸,吋
cyun4	tʃʰyn21	佺,鰁,銓,醛,遄,輇,跧,詮,荃,筌,痊,瑔,泉,欑,椽,攢{攢聚},存,圌{同篅字},全,傳{傳達，傳奇}
cyut1	tʃʰyt5	䢺,齣{一齣戲},黢,黜,詘{同黜字},猝,焌{一種烹調法},怵,出{出去}
cyut3	tʃʰyt3	撮
daa1	ta55	咑{吆喝牲口前進聲},打{(外)十二個，英語dozen}
daa2	ta35	打{打擊；〈語〉處所介詞，相當於喺，老派用法，～啲（喺啲），在這}
daa3	ta33	咑{(語)啲～，嗩吶或嗩吶聲}
daa4	ta21	咑{(語)詞綴，水流～～，水嘩嘩地流}
daai1	tai55	呆{書呆子，癡呆},獃{書獃子，癡獃}
daai2	tai35	傣,歹,大{(白)老～，老人家}
daai3	tai33	帶,襶{(書)},戴
daai6	tai22	大,軑,汏{洗}
daak1	tak5	咑{嘞[lak5]～，不整潔}
daam1	tam55	儋,鵮{(文)叼},頕,躭,覘{擡（頭）},聃,耽,眈,擔{(動)擔任}
daam2	tam35	紞{冕前垂者},黕{(又)污垢，黑},膽
daam3	tam33	帎{冠俯前},擔{(名)擔子}
daam6	tam22	倓{同賧字；倓定，又作淡定/澹定},髧{髮垂},賧,萏,窞,澹,淡{(文)淡泊；淡定，又作倓定/澹定},氮,欿{坎欿},憺,惔{同憺字},埮{地平而長},噉{同啖字},啖{(量)口}
daan1	tan55	丹,鄲,襌,簞,癉{火癉},殫,單{單獨}
daan2	tan35	撢{同撣字},泹{(白)～水，用開水焯},撣
daan3	tan33	旦,鉭{(又)},誕,癉{勞病；憎恨}
daan6	tan22	亶{同但字},蜑{蜑家，俗字疍},蛋,膻{膻中},疍{疍家，本字蜑},燀{熱甚；過度},灒{(語)濺，又作濽字},濽{(語)濺},澶{澶漫},泹,憚,彈{子彈},僤,但
daang1	taŋ55	噹{(語)擬聲詞，金屬撞擊聲}
daap1	tap5	嗒{大口咬；嚐味聲，食得～～聲，與啖對轉}
daap3	tap3	䐛,鎝{翻土農具},褡,耷{耳朵大},答,瘩,溚{溼},撘{同搭字},搭
daap6	tap2	䂿{再舂},龘,龖,鞳,闒{樓上戶},遝,蹋,踏,沓,嚃
daat3	tat3	噠{(又)},𢴈{用力摔；摔倒；躺下；又作撻/躂字},靼,躂{(語)用力摔；摔倒；躺下；又作𢴈/撻字},笪{〈名〉竹笪；〈量〉塊，一～地方，又作墶字},炟,撻{(語)用力摔；摔倒；躺下；又作𢴈/躂字},怛,妲,墶{〈名〉圪墶；〈量〉塊，一～地方，又作笪字}
daat6	tat2	䃮,鐽,達,薘,繨,燵,噠
dai1	tɐi55	䐎,鞮,羝,磾,氐{古民族名；二十八宿之一},彽,底{(白)外底、下底，又作低字},低
dai2	tɐi35	厎{(又)},骶,阺,邸,詆,砥,牴{牴觸，牴牾},氐{根本},柢,抵{抵押，抵值},底,坻{寶坻縣}
dai3	tɐi33	媂,𤧛,諦,螮,蒂,締,禘,碲,疐{同蒂字},渧{滴},帝
dai6	tɐi22	俤,隸,隷,遞,逮,踶{踢},第,棣,杕,悌,弟{徒弟，兄弟},嵽{岹嵽},娣{(又)},埭
dak1	tɐk5	嘚{馬嘟～，馬踏聲},鍀,惪,德,得
dak6	tɐk2	樴{(又)},螣{食禾蟲},特
dam1	tɐm55	䏙{肚～，肚子；肥～～，矮胖貌，酸～～，酸貌},揼{以頭撞，古壯字⿰止丁，疑本字揕}
dam2	tɐm35	丼{投物井中聲；姓},黕{污垢，黑；矮～～，矮矬矬},沊{落水聲，或作丼/潭字},揼{丟棄；同抌字},抌{捶，與撘/䂿對轉；搶劫，捱～，古壯字⿲登頁丁，本義觸碰}
dam3	tɐm33	帎{(語)垂下，與耷對轉},髧{(語)垂下，與耷對轉，又作紞字，本字帎},紞{(語)垂下，與耷對轉，又作髧字，本字帎},揼{換}
dam4	tɐm21	榃
dam6	tɐm22	䂿{(語)跺，俗字𨂽},𨂽{跺，本字䂿}
dan1	tɐn55	吨{同噸字},鐓{同驐字；冷鐓，熱鐓},蹾,蹲,礅,敦,撴,撉,扽{猛地扯、放，與撻/躂/𢴈對轉},惇,墩{～布，石～},噸
dan2	tɐn35	囤{(白)米囤},躉{放，與𠱂對轉},墩{(白)橋～；草～，蒲團；坐～，坐凳}
dan3	tɐn33	扽{顛簸；震動},蹾{(又)},撴{(又)},撉{(又)}
dan6	tɐn22	坉{同沌字；塞},頓{頓號},鈍{遲鈍},遯,遁,砘,盾,盹,燉,炖,沌,楯{同盾字},屯{屯里，地名}
dang1	tɐŋ55	僜{民族名},鐙{同燈字},蹬{腳向下用力},簦,瞪{瞪眼},登,璒,燈,噔
dang2	tɐŋ35	戥{(又)小秤},等
dang3	tɐŋ33	凳,鐙{鞍鐙},磴,嶝
dang6	tɐŋ22	僜{倰僜},鄧,蹬{蹭蹬},澄{使液體裏的雜質沉澱},戥{小秤；使相稱；替}
dap1	tɐp5	耷{(語)垂下，～頭，低頭，與帎/髧/紞對轉},𦖿{同耷字}
dap6	tɐp2	䂿{(語)砸、捶，又作撘字},𢱕{砸、捶，又作撘/䂿字},撘{(語)砸、捶，又作䂿字}
dat1	tɐt5	咄{頂撞；咄咄逼人},𠱂{用力往下放，與躉對轉},飿,腯{肥～～，胖貌}
dat6	tɐt2	凸,𠸂{機槍聲，又作突字},鶟,葖,腯{(又)},突{突出；象聲詞，機槍聲}
dau1	tɐu55	㨮{掬，～啲水；對身體行使動作，～頭淋；用肢體打，～一腳},蔸{(量)棵、叢、條},篼,唗,兜
dau2	tɐu35	抖,陡,鈄,赳{(習)赳赳，俗從斗作﨣},蚪,糾{(習)糾正，俗從斗作紏},斗
dau3	tɐu33	竇{(語)窩，本字巢},鬭{拼合；～木佬，木匠，又作鬥字},鬥,逗{挑逗，又作挑鬥}
dau6	tɐu22	哣{吽～，迷糊、不清醒，後引申爲古板、難溝通，一說本字怐愗},𢭃{四捧爲一𢭃},餖,酘{(語)以藥毒殺，～老鼠，俗字毒},逗{逗號，逗遛},豆,讀{句讀},荳,脰,竇{情竇；姓},痘,毒{(白)以藥毒殺，～老鼠，本字酘}
de1	tɛ55	哆{(語)嗬[hɔ21]～，嗩吶},爹
de2	tɛ35	嗲{撒嬌},襶{(習)褦襶}
de4	tɛ21	嗲{流～～，滴瀝貌}
dek3	tɛk3	趯{(語)跑}
dem1	tɛm55	鵮{(白)啄；叼}
dem2	tɛm35	點{(白)蘸，～鹽，～水}
deng1	tɛŋ55	丁{(白)人丁，豆丁},釘{(白)鐵釘；釘住},盯{(白)},疔{(白)}
deng2	tɛŋ35	頂{(白)屋頂，名詞}
deng3	tɛŋ33	掟{(語)擲、扔，本字矴/碇，與扚對轉},碇{(白)擲、扔，俗字掟，與扚對轉},矴{(白)擲、扔，俗字掟，與扚對轉},椗{(白)蒂}
deng6	tɛŋ22	埞{地方，本字定，另一說地方的合音},訂{(白)訂位，訓讀定},定{(白)鎮靜；陰～，背陰處，俗字埞}
dep1	tɛp5	䑜{(語)小口品嚐},嗒{(白)小口嚐；～嘴，親嘴}
det6	tɛt2	腯{(白)矮～～，矮貌},𠸂{(白)手錶聲，元音象義}
deu1	tɛu55	屌{男陰，本字鳥},鳥{(白)男陰，俗字屌}
deu4	tɛu21	嫋{(語)詞綴，軟～～，柔軟貌，與鳥字演變同}
deu6	tɛu22	掉{(白)丟棄；～動、～轉，同調動、調轉；罕讀},調{(白)～轉、～動，又作掉轉、掉動，罕讀}
di1	ti55	啲{一～，一點兒；阿～嚕～，這裏那裏；～咑，嗩吶或嗩吶聲}
di2	ti35	弟{(白)弟[ti21]～；鋤大～}
di6	ti22	哋{我～，我們，本字等，與臺字對轉，輩也},墬,地
dik1	tek5	嘀{嘀嗒，又作滴答},鏑,蹢{蹄},菂{蓮子；〈語〉～式，小巧、秀氣},的,玓,滴{滴水；〈語〉小粒狀物、個或少量，與丁對轉，單～，獨眼},樀,扚{提，與掟對轉},嫡
dik6	tek2	嘀{嘀咕},頔,鏑{(又)},逖{(又)},迪,踧{踧踧},覿,荻,翟{長尾野雞},糴,篴,笛,狄,滌,浟{貪利貌},敵,嫡{(又)}
dim1	tim55	掂{掂量，本字敁},踮,敁
dim2	tim35	典{(習)},點{～燈，～炮；怎麼，底物的合音},靦{靦顏},覥,腆{(習)},碘{(習)},淟,晪,捵{推、頂}
dim3	tim33	坫,阽,玷,惦,店
dim6	tim22	墊{(訓)訓讀簟},𠶧,簟,磹{石楔；同簟字},掂{(語)妥當，搞掂},扂
din1	tin55	巔,顛,癲,滇{滇池},槙{樹梢},槇{樹梢}
din2	tin35	典{(書)},碘{(書)}
din6	tin22	佃{佃戶},靛,電,鈿{金花形飾物},癜,甸,琔,澱{澱粉，沉澱},淀{白洋淀},殿,奠
ding1	teŋ55	丁{男丁，肉丁；〈語〉小粒狀物、個或少量，與滴對轉},靪,釘{(文)},酊{碘酊},虰{虰蛵},耵,盯,疔{疔瘡},町{畹町},玎,叮,仃
ding2	teŋ35	酊{酩酊},鼎,頂{(文)頂住，動詞}
ding3	teŋ33	椗{(文)同碇字},飣,訂{(又)訂婚，本讀},碇{錘舟石},矴{錘舟石}
ding6	teŋ22	啶,錠{銀錠},鋌{同錠字},訂{(文)},萣,腚,聢,掟{天掟},定{穩定，一定}
dip3	tip3	跕{墜落}
dip6	tip2	喋,鰈,迭{(又)},蹀,諜,蝶,秩{(又)},碟,疊,牒,渫{渫渫},楪{同牒/碟字},揲{摺揲},堞
dit1	tit5	啲{(又)表少量，一說本字尐},尐{(又)少}
dit3	tit3	跌
dit6	tit2	䏲,𢲼,迭,跮{跮跮},詄,耋,絰,紩,秩,瓞,昳{太陽偏西},帙,嵽{嵽嵲},垤,咥{咬}
diu1	tiu55	䯾{小兒留髮},鵰{一箭雙鵰},鯛,雕{雕像，雕刻},錭,銩,貂,碉,琱,汈,椆{椆苕},彫{同雕字，彫刻；同凋字，彫零},叼,刁,凋,丟
diu2	tiu35	屌{性交，本字鳥},鳥{(白)性交，俗字屌}
diu3	tiu33	吊{上吊},銱,釣,窵,弔{弔唁}
diu6	tiu22	嬥{嬥嬈},銚{燒器},調{音調},莜{草田器},掉{改掉，走掉}
do1	tɔ55	㙍{(又)},多,哆{哆嗦}
do2	tɔ35	凩{(又)},躲,跺,綞,朵,埵,嚲,哚
do3	tɔ33	剁,垛
do4	tɔ21	𣳼{水流聲}
do6	tɔ22	墮,馱{馱子},陊,舵{(又)},惰
doe1	tœ55	哆{(語)㗾[hœ21]～，嗩吶},噘{(語)～嘴，噘嘴；蚊蟲叮}
doe2	tœ35	哚{(白)},遞{(語)遞},朵{(白)}
doe4	tœ21	𣳼{(又)}
doek3	tœk3	剁{(訓)訓讀斲},諑,琢,涿{水滴},椓,斲{剁},啄{啄木鳥}
doeng1	tœŋ55	啄{(白)叮，陽入對轉；烏～～，糊塗}
doet1	tœt5	咄{(語)吻}
doi6	tɔi22	代,黛,駘{駘蕩},靆,迨,貸{(又)},詒{欺詐},袋,紿,甙,玳,殆,怠,待,岱,埭{(又)},垈
dok1	tɔk5	突{(語)～頭，奔兒頭}
dok6	tɔk2	度{量度},鐸,踱
dong1	tɔŋ55	噹{啷噹},鐺{鋃鐺},襠,簹,當{應當，當時},璫
dong2	tɔŋ35	党{党項},黨,讜,欓,檔{檔案},攩,擋,壋
dong3	tɔŋ33	壋{(又)},當{典當，當作，適當},檔{大排檔}
dong4	tɔŋ21	噹{(語)擬聲詞，～～響，鑼聲響}
dong6	tɔŋ22	宕,趤,蕩,菪,碭,盪,璗,瑒{同璗字}
du1	tu55	刀,魛,闍{城門臺},都,舠,氘,忉,嘟,叨{嘮叨}
du2	tu35	倒{倒塌},賭,禱,睹,擣,搗,島,堵
du3	tu33	倒{倒掛，倒水},捯,到
du6	tu22	妒,𨧀,鍍,道,蹈,蠹,芏,艔{渡船},纛,稻,盜,燾{覆蓋},渡,杜,悼,度{長度},幬{覆蓋},導,妬
dui1	tui55	䭔{煎～},堆,埻{欑塗所覆}
dui2	tui35	㨃{捅}
dui3	tui33	兌,祋,碓,對,兑
dui6	tui22	憝,隊,鐓{同錞字},錞{鐏},懟
duk1	tʊk5	㞘{臀部、容器底部，同䐁字},𧰵{戳、刺、捅，與捅/㨂對轉，又作㧻/厾字},𡰪{臀部、容器底部，同䐁字},篤,督,涿{(語)量詞},厾{戳、刺、捅，與捅/㨂對轉，同𧰵字},䐁{臀部、容器底部，又作㞘/𡰪字},㧻{戳、刺、捅，與捅/㨂對轉，同𧰵字}
duk6	tʊk2	櫝,黷,髑,頓{冒頓},讀{讀書},纛{(又)},碡,獨,犢,牘,瀆,毒{毒蛇}
dung1	tʊŋ55	冬,鼕{鼓聲},鶇,鮗,蝀{(又)},菄,氡,柊,東,崬,咚
dung2	tʊŋ35	㨂{打、擊；捅},董,捅{(白)與𧰵/厾對轉，又作㨂字},懂
dung3	tʊŋ33	凍{冷凍},蝀,腖
dung4	tʊŋ21	咚{(語)擬聲詞},鼕{(語)擬聲詞}
dung6	tʊŋ22	侗{侗族},詷{說謊},胴,硐,洞,棟,戙{船板木；豎；量詞，摞},慟,恫{恫嚇},峒{山洞},垌{田垌；儒垌，廣東地名},動,働
dut1	tut5	𡁯{～～車，童語，汽車}
dyun1	tyn55	端,耑{同端字}
dyun2	tyn35	短,𢭃{同短字}
dyun3	tyn33	斷{判斷，決斷，斷估}
dyun6	tyn22	塅,鍛,緞,籪,碫,瑖,煅,段,椴
dyut1	tyt5	咄{(語)吻},𡁯{～嘴，親吻},腯{(又)}
dyut3	tyt3	掇{(又)},敠{(又)}
dyut6	tyt2	奪,敚,敓
e1	∅ɛ55	欸{(又)表驚異},誒{(又)表驚異}
e3	∅ɛ33	嘅{(語)弱讀},𡲢{(又)弱讀},挨{(語)擠靠；套近乎},屎{(又)弱讀}
e6	∅ɛ22	欸{嘆詞},誒{嘆詞},虵{(語)古壯字，螠～，蛤蚧}
ek3	∅ɛk3	䭞{(又)弱讀},膱{(又)弱讀}
en2	∅ɛn35	偃{(白)踮},躽{(白)挺，躽胸凸肚}
et3	∅ɛt3	䊦{(白)糍粑},噎{(又)}
eu1	∅ɛu55	吆{(白)叫，喊}
eu2	∅ɛu35	拗{(白)～斷}
eu3	∅ɛu33	坳{(白)山坳},詏{(白)～頸，頂嘴，又作拗字},拗{(白)～頸，頂嘴，又作詏字}
faa1	fa55	糀,花
faa3	fa33	化
faa4	fa21	吪{(語)詞綴，水流～～}
faai3	fai33	噲,駃{同快字},筷,快,塊
faak3	fak3	礊{抽打},騞{(語)擬聲詞}
faan1	fan55	幡,返{(白)返學，返工},蕃{同番字},翻{翻譯，推翻，翻新},番{幾番，番茄}
faan2	fan35	反{反覆；平反},𠆩,返{返回},橎
faan3	fan33	嬔,販,範{(又)模範、師範，前字調感染},畈,泛{廣泛，泛舟},汎,氾{氾濫}
faan4	fan21	凡,鷭,鐇,釩,蹯,袢{近身衣},蘩,藩{藩籬；藩衍},蕃{蕃衍，蕃茂},繁,礬,璠,燔,煩,氾{姓},樊,帆,墦
faan6	fan22	梵,飯,范{姓},範{示範},犯
faat3	fat3	法,髮,醱{醱酵，同發酵},砝,發,琺,灋{同法字}
faat6	fat2	乏,𠲎,閥,罰,筏,拂{(語)用鞭抽},垡,伐
fai1	fɐi55	噅{(文)},麾{(文)},隳{(文)},輝{(文)},褘{(文)},翬{(文)},琿{(文)璦琿},煇{(文)},暉{(文)},撝{(文)},揮{(文)}
fai3	fɐi33	廢,鐨,費,芾{蔽芾},肺,砩{以石攔水},沸{沸騰，沸水}
fai6	fɐi22	吠
fak1	fɐk5	礊{甩，與揈對轉}
fak6	fɐk2	騞{(語)跳～～，跳動貌}
fan1	fɐn55	㬟{吳語字，弗曾},雰,閽{(文)},錀{兔奄錀},醺{(文)},酚,薰{(文)},葷{(文)},芬,翂,纁{(文)},紛,玢{賽璐玢},獯{(文)},燻{(文)},熏{(文)},氛,棼{棼棼},棻,朆{吳語字，弗曾},曛{(文)},昏{(文)},婚{(文)},吩,勳{(文)},勛{(文)},分{分開}
fan2	fɐn35	粉
fan3	fɐn33	瀵,馴{(又)},訓{教訓},糞,瞓{睡，本字睏}
fan4	fɐn21	墳,鼢,賁{大；三足龜},豶,焚,濆{水邊},汾,棼{紛亂}
fan5	fɐn24	僨,鱝,憤,忿{～恨},奮{奮鬥，興奮},坋
fan6	fɐn22	份,忿{(又)冇～氣，不服氣},奮{(又)興奮},分{本分}
fang3	fɐŋ33	揈{甩，與礊對轉}
fang4	fɐŋ21	揈{(又)}
fat1	fɐt5	㧾,𧿳{跳；〈語〉摔，～跤，摔跤，又作拂字},黻,魆,韍,鍃,茀,芾{草木茂盛},芴{同忽字},艴,胐{臀},紼,紱,笏,窟,祓,矻{(又)},狒{(又)},淴,沸{灑；泉涌貌},氟,欻{忽然},昒,搰{搰搰},拂{拂曉，拂塵；拭；甩；〈語〉摔，～跤，摔跤，又作𧿳字},惚,忽,彿{彷彿},弗,巿,堀,囫,唿,佛{仿佛},䬍,㩿{不穩，本讀}
fat6	fɐt2	佛{佛教},砩{砩石},狒{(語)狒狒},拂{(又)拂塵},怫{憂鬱；憤怒},弗{(又)},咈
fau2	fɐu35	不{同否字},缶,殕{(又)},否{否定}
fau4	fɐu21	浮{輕浮},裒{(又)},衃{蚍衃},蜉,芣,罘,琈,涪
fau6	fɐu22	埠{商埠},阜
fe1	fɛ55	啡{(語)擬風聲；屙啡[fɛ21]～，拉稀；〈外〉茄哩啡，龍套，英語carefree}
fe2	fɛ35	㹃{(語)褦[lɛ24]㹃，同褦襶},飛{(語)鈔票，一說源自英語fare}
fe3	fɛ33	㹃{(又)}
fe4	fɛ21	啡{(語)擬風聲；屙～啡[fɛ55]，拉稀}
fen1	fɛn55	番{(白)},翻{(白)～開}
fet1	fɛt5	咈{(語)風～，時髦；～～，哨子},𢞵{(語)風～，時髦；～～，哨子；又作咈字},𢝵{(語)風～，時髦；～～，哨子；又作咈字}
fet6	fɛt2	咈{(白)㨘鼻涕聲，鼻涕～～，吸鼻涕貌，哭～～，抽泣貌}
fi1	fi55	啡{咖啡},鯡,騑,飛{飛機},非,霏,蜚{蜚語},菲{芳菲},緋,扉,妃
fi2	fi35	匪,誹,蜚{蜚廉},菲{菲薄},翡,篚,痱{痱子，熱痱},疿{痱子},榧,棐,朏,斐,悱
fi4	fi21	淝,腓,肥,痱{中風病}
fi6	fi22	剕,狒
fik1	fek5	𠱥{甩，與捹對轉}
fing3	feŋ33	姘{(語)屌你老～㞓，詈語，本字姘，另一說本字兄},捹{甩，與𠱥對轉}
fit1	fit5	𢝵{抽打},𢞵{抽打}
fiu3	fiu33	覅
fo1	fɔ55	嵙,髁,蝌{(文)},窠,稞{(文)},科
fo2	fɔ35	伙{伙食},顆{(文)},鈥,火,夥{夥伴},吙
fo3	fɔ33	課{(文)},騍{(文)},貨
fo4	fɔ21	吙{(語)～～聲，熟睡聲、火旺貌、風呼嘯}
fo6	fɔ22	吙{(語)啡[fi22]啡[fi22]～～，形容工作緊張，又作䬍字}
fong1	fɔŋ55	坊{街坊；酒坊},鈁,邡,謊,蚄,荒,芳,肪,肓,牥,枋,方,慌
fong2	fɔŋ35	仿,髣,謊{(又)},訪,舫,紡,滉,榥,晃,昉,恍,彷{彷彿},幌,倣
fong3	fɔŋ33	放
fong4	fɔŋ21	坊{堤坊；同防字},鰟{同魴字},魴,防,房,妨
fot6	fɔt2	䬍{(語)風箱聲；啡[fi21]啡[fi21]～～，形容工作緊張},欻{(語)風箱聲；啡[fi21]啡[fi21]～～，形容工作緊張}
fu1	fu55	㱠{(文)},麩,骷{(文)},鈇,鄜,郛,軤,跗,趺,莩{葭莩},膚,稃,砆,玞,烀,滹,桴,枹{鼓槌},枯{(文)},敷,挎{執持},幠,孵,孚,夫{夫妻},垺{同郛字},嘑{同呼字},呼,呋,刳,俘,伕{車伕}
fu2	fu35	㕮,黼{(又)},頫,釜,輔{(又)},虎,莆{萐莆},苦,腑,簠,琥,父{(白)舅父},滸,滏,殕,斧,撫,拊,府,嘸{驚愕},唬,俯,䋨
fu3	fu33	副,賦,褲,袴,絝,戽,庫,富,嘑{呼喝},咐
fu4	fu21	乎{(又)},鳧,蚨,苻,芙,符,榑,扶,夫{悲夫}
fu5	fu24	婦{(又)}
fu6	fu22	㳇,鮒,駙,附,赴,賻,負,訃,蝜,腐,祔,父{父親},婦{婦女},咐{(又)},傅,付,仆{前仆後繼，又作赴字}
fui1	fui55	咴,顝,詼,虺{虺隤},盔{(又)},灰,悝{嘲笑；詼諧},恢,徽
fui2	fui35	悔,鮪,賄,誨{(常)教誨，讀同悔},痏,洧,晦{(常)晦暗，讀同悔}
fui3	fui33	喙,餯,顪,靧,誨,晦
fuk1	fʊk5	复{同復/複字},鰒,馥,輻,覆{覆蓋，傾覆},複{複雜，重複},蝮,蝠,腹,福,畐,復{往復；恢復，已統讀},幅
fuk6	fʊk2	伏,襆,袱,菔,茯,縛,洑,栿,服,幞{幞頭},宓{姓},匐
fun1	fun55	嚾{同歡字},髖,貛,獾,歡,懽{同歡字},寬{寬敞，與闊對轉}
fun2	fun35	款,窾
fung1	fʊŋ55	丰{丰姿，丰采},飌,風,鋒,酆,豐{豐收，豐富},蜂,葑{蕪菁},碸,瘋,烽,灃,渢{(又)},楓,崶,峰,峯,封
fung2	fʊŋ35	俸{(又)},諷,唪{唪經}
fung3	fʊŋ33	葑{菰根},賵
fung4	fʊŋ21	浲,馮{姓},逢{相逢},舽{船名},縫{縫補},渢
fung6	fʊŋ22	俸,鳳,縫{裂縫},甮,奉
fut3	fut3	眓,闊{開闊，與寬對轉},适{疾速},豁,蛞,筈{(又)}
fut6	fut2	䬍{(語)風聲},欻{(語)風聲}
gaa1	ka55	㹢,鎵,迦,跏,袈,葭,茄{雪茄},笳,癿{(又)},痂,珈,泇,枷,尜{(又)},尕,家{家庭},噶{譯音用字},嘎{象聲詞，裂聲、笑聲；嘎吱},嘉,加,傢{傢具，傢伙},伽{伽利略}
gaa2	ka35	假{真假},賈{姓},瘕{肚子裏結塊的病},檟,斝,嘏{(又)},叚{同假字}
gaa3	ka33	㗎{語氣詞，嘅啊的合音},駕{(文)駕駛},稼,架{(文)吵架},嫁,咖{咖喱},價,假{(文)放假},价{同價字}
gaa4	ka21	嘎{嘎調，嘎嘎兒},尜{尜尜兒}
gaai1	kai55	佳,階,鍇{(又)},街,薢,稭,秸,皆,痎,湝,楷{楷樹},嚌{嚌嚌},喈,偕{(又)}
gaai2	kai35	檞,解{解開}
gaai3	kai33	介,𠝹{同鎅字},骱{骨節間銜接處},鎅{鋸斷，本字解},誡,解{押解},蚧,芥,疥,界,玠,戒,悈,廨,屆,尬,价{僕役；价紹}
gaak3	kak3	嗝,𠺝,鬲{鬲津，膠鬲},骼,革,隔,鎘{金屬元素},鉻{古兵器},茖,膈,胳{胳肋底，胳臂},滆,格,挌,塥
gaam1	kam55	尷{(又)},緘,監{監視}
gaam2	kam35	感,鱤,澉,減{(文)},橄,敢
gaam3	kam33	尷,鑒{鑒定},鑑{銅鑑，印鑑},監{太監}
gaan1	kan55	奸{(文)},間{中間，時間},菅,艱{艱苦},姦{強姦，姦淫}
gaan2	kan35	堿{(文)},鹼{(文)},鐧{殺手鐧},趼,襉,茧{(文)},繭{(文)},簡,筧,礆{(文)},碱{(文)},梘{(文)},柬{(文)},暕{陰雨後晴},揀{(文)}
gaan3	kan33	澗,間{間隔},鐧{車鐧},諫
gaang1	kaŋ55	庚{(又)},耕,羹{(又)},粳{(又)},畊,更{三更}
gaang3	kaŋ33	挭{攪拌；撈；～手，詠春八手之一},筻,浭{涉水}
gaap3	kap3	夾{(文)夾層；夾衣，又作裌衣；夾硬（強行）},餄{餄餅},頰,鋏,鉿{陷聲},鉀,郟,跲,裌{裌衣},袷{袷衣},蛺,莢{(文)},胛,甲{甲子，盔甲},浹{(又)汗流浹背},梜,柙{木名},挾{(文)},岬
gaap6	kap2	蛤{(語)～～，大青蛙，童語，元音象義}
gaat3	kat3	嘎{象聲詞，鴨聲、雁聲},釓{金屬元素},擖{刮聲；斬斷},戛,恝,尜{(又)}
gaat6	kat2	曱{～甴，蟑螂，本字蛣螏，或蝲蟽（邋遢）音變}
gaau1	kau55	交{(文)成交，外交，交關},鵁,鮫,郊{市郊，城郊},轇,跤{(文)},蛟,茭,艽{秦艽},膠{(文)},峧,嘐{雞鳴}
gaau2	kau35	佼,餃{水餃，餃子},絞{(文)},皎,狡{(文)},攪{(文)},搞,恔{狡黠},姣{姣好}
gaau3	kau33	教{(文)},骹{(語)關節，本字鉸},鉸{(文)},較,覺{(文)睡覺},窖,漖,滘{地名用字，古字漖},校{校對，上校},斠{斠訂，斠補}
gaau6	kau22	攪{(語)摎[lau35]～，胡搞}
gai1	kɐi55	㚻,鷄,雞,鐖{(語)打火～；焫～，烙鐵；勾～，扳機，又作機字，摹官話音},給{(語)表使役、與格或被動，官話借詞},笄,機{(語)打火～；焫～，烙鐵；勾～，扳機，又作鐖字，摹官話音},枅
gai2	kɐi35	偈{(語)傾～，聊天，一說本字傾蓋；大～，大副},計{(白)諗計，想辦法}
gai3	kɐi33	檵,髻,計{計算},薊,罽,繼,瀱
gai6	kɐi22	偈{佛偈},忌{(語)怕}
gak6	kɐk2	硌{(語)卡、阻擋，與梗對轉}
gam1	kɐm55	今,金,苷,疳,甘,泔,柑
gam2	kɐm35	噉{粵字，表狀態，這樣/那樣，箇物的合音；又表程度，這麼/那麼，本地統用噉，未分化出咁},錦
gam3	kɐm33	㽏,趛{(又)},贛,紺,禁{禁不起；禁止},淦,噤,咁{粵字，表程度，這麼/那麼，箇物的合音，本地統用噉，未分化出咁},僸
gam4	kɐm21	黚{(語)黃～～，暗黃色，又作黅字}
gam6	kɐm22	㩒{同𠢱字},𠢱{按，俗字撳},撳{按，本字𠢱},搇{同𠢱字},扲{同𠢱字}
gan1	kɐn55	凧,釿,跟,筋,根,斤,巾,哏{逗哏}
gan2	kɐn35	仅,饉,謹,緊,瑾,殣,槿,廑{小屋},巹,墐{(又)},堇,僅
gan3	kɐn33	艮,靳,茛
gan6	kɐn22	墐,近{(文)近視，近排},覲,歏
gang1	kɐŋ55	㹴,鶊,賡,羹,縆,緪{繃緊},粳,浭{浭水，河流名},更{更換},庚
gang2	kɐŋ35	亙,𬒔{石𬒔，地名},鯁{骨～在喉，又作哽/骾字},骾{骨～在喉，又作鯁/哽字},耿{耿直；〈語〉繃[pɐŋ35]～，古板},綆,梗{桔梗；〈語〉～係，肯定是，箇肯的合音},埂,哽{骨～在喉，又作鯁/骾字}
gang3	kɐŋ33	暅{曝曬},更{更加}
gang4	kɐŋ21	緪{(語)跌碽[kuŋ21]～，跌倒貌}
gap1	kɐp5	忣,芨,急
gap3	kɐp3	㪉{～錢，湊錢，又作佮/敆字},鴿,頜{口；姓},閤{小門；姓},蛤{蛤乸，田雞},敆{～錢，湊錢，又作佮/㪉字},搿,合{十合爲一升},佮{合夥，又作敆/㪉字}
gap6	kɐp2	㧀,𥄫{盯住},𠶲{啃、咬，引申指吃},芨{(又)},岌{岌岌可危},及
gat1	kɐt5	㓤{刺},郅{郅偈},詰{詰屈聱牙},訖{(又)},虼,紇{紇繨},橘{(語)柑橘，俗作桔字，讀同吉},桔{桔梗，讀同吉},姞,咭{笑聲},吉,吃{口吃},佶
gat6	kɐt2	䞘{直行；〈語〉～路，滾蛋，又作趷/趌字},𢷒{(語)擡、扛，本字揭，又作搩字},趷{～路，滾蛋，又作趌/䞘字},趌{怒走；〈語〉～路，滾蛋，又作趷/䞘字},疙{(語)疙𤶸，活結，引申爲摳門},曱{(又)},搩{(語)擡、扛，本字揭，又作𢷒字},揭{(語)擡、扛},圪{(又)圪墶}
gau1	kɐu55	佝{(文)佝僂},龜{龜茲},鳩{斑鳩；男陰},鬮,韝,鉤{(文)},鈎{(文)},軥{(文)},緱,篝,痀{(文)},牞,溝,泃{水聲},摎{摎蓼},勾{(文)},勼
gau2	kɐu35	久,韭,赳{(書)},苟,耇,糾{(書)},笱,玖,狗,氿{湖名},枸,岣,九
gau3	kɐu33	咎,雊,遘,購{(文)},詬,覯{(文)},究,疚,灸{(文)},構{(文)},构{(文)},救,彀,廏,廄,媾{(文)},姤,夠,垢
gau6	kɐu22	䊆{(量)塊、團，俗字嚿},舊,柾,柩,嚿{(量)塊、團，本字䊆}
ge1	kɛ55	哥{(語)老[lau55]～，父親的口語敘稱}
ge3	kɛ33	嘅{助詞，的，本字個}
ge4	kɛ21	嘎{(語)笑～～，笑嘻嘻}
ge6	kɛ22	忌{(語)怕}
gem1	kɛm55	兼{(外)遊戲淘汰，英語game over}
gem2	kɛm35	減{(白)}
gem4	kɛm21	黚{(語)黃～～，一般的黃色}
gen1	kɛn55	奸{(白)奸臣，奸詐},間{(白)中間，時間},艱{(白)艱難}
gen2	kɛn35	堿{(白)同碱字},鹼{(白)鹼性，燒鹼},鐧{(白)殺手鐧},趼{(白)},茧{(白)},繭{(白)},簡{(白)},礆{(白)同碱字},碱{(白)鹼的俗字},梘{(白)肥皂，本字鹼},柬{(白)},揀{(白)}
gen3	kɛn33	間{(白)間隔}
geng1	kɛŋ55	惊{(白)},驚{(白)},猄{(白)}
geng2	kɛŋ35	頸
geng3	kɛŋ33	鏡
geng6	kɛŋ22	儆{(語)～惜[ɬɛk3]，珍惜},擏{(語)同儆字}
gep1	kɛp5	喼{～帽，鴨舌帽，英語cap；～鈕，按釦},篋{(語)皮夾子；手提箱}
gep3	kɛp3	挾{(白)挾菜},莢{(白)豆莢},甲{(白)指甲}
gep6	kɛp2	夾{(白)鐵夾；夾住；夾裙，又作裌裙},裌{(又)裌裙，又作夾裙},蛤{(語)～～，小青蛙，童語，元音象義}
geu1	kɛu55	交{(白)交錢，交往},郊{(白)郊外，郊區},跤{(白)},膠{(白)}
geu2	kɛu35	姣{(白)},餃{(白)},絞{(白)絞肉，絞死},矯{(白)矯詐，又作狡詐},狡{(白)狡猾，狡詐},攪{(白)攪動，攪拌}
geu3	kɛu33	教{(白)教書；教訓},鉸{(白)},覺{(白)睡覺}
geu6	kɛu22	撬{(白)撬開}
gi1	ki55	乩,饑{饑荒},飢{飢餓},鞿,鐖{鉤上的倒刺},錤,譏,觭{同奇字，單數},虮{密虮},萁{草名},肌,羈,箕,磯,畿,畸{(又)},璣,犄{犄角},機{飛機，機器},机,期{期年},幾{幾乎},己{(白)自己},姬,奇{奇數},基,嘰{嘰哩咕嚕},剞,刏,刉,几{茶几},其{夜如何其；酈食其，古人名}
gi2	ki35	己,麂,魢,踦{腳脛},蟣{虱子的卵},虮{同蟣字},紀,杞,掎,庋{(又)},幾{幾個}
gi3	ki33	冀,鱀,驥,記,計{夥計，又作夥記},覬,洎,暨,旣,既,寄
gi6	ki22	伎{伎倆},鬾{冥衣},騎{車騎},跽,芰,汥{水分流},技,惎,忌{妒忌},妓{妓女},垍
gik1	kek5	亟{亟待},激,殛,棘,擊,撠,戟,墼
gik6	kek2	极,極
gim1	kim55	兼,鶼,鰜,蒹,縑,搛
gim2	kim35	撿,瞼,檢
gim3	kim33	劍
gim6	kim22	儉
gin1	kin55	堅,鰹,鞬,靬,鈃{人名},肩,樫
gin2	kin35	件{(白)條件},蹇,謇,揵{難}
gin3	kin33	建,見{看見},腱{腱子（肉）},犍{閹過的牛},毽{(書)}
gin6	kin22	件{一件},鍵,踺,犍{犍爲縣},楗,揵{同楗字},健
ging1	keŋ55	京,麖,驚,荊,經,矜,猄{(文)},涇,惊{同驚字},兢
ging2	keŋ35	儆{儆戒；〈語〉得意，傲慢},警,璥,璟,烴{溫；焦臭；焦貌},景,憬,境,剄
ging3	keŋ33	勁{幹勁，費勁},逕,莖,脛,競{(常)競爭、競賽，後字調感染},竟,獍,敬,徑
ging6	keŋ22	倞{強勁},競,痙,勁{強勁，勁敵；厲害}
gip3	kip3	劫,袷{相交的衣領},蜐,澀{苦澀}
git3	kit3	㛃,鮚,袺,絜{同潔字},結,潔,洁,拮,䥛
git6	kit2	偈{武貌，疾馳},𠹳{（粥）稠，本字渴},竭{(語)（粥）稠，古字渴，俗字𠹳},渴{(語)（粥）稠，後作竭，俗字𠹳},榤,桝,桀,杰{人名用字},搩,傑{傑出}
giu1	kiu55	嬌,驕,澆
giu2	kiu35	撟,蹻{蹻蹻},繳,矯{矯健，矯情},皦,璬,敫{光閃耀；姓}
giu3	kiu33	叫,敫{人名},徼{邊界；巡察}
giu6	kiu22	嶠{山道},轎,撬{(文)}
go1	kɔ55	仡{仡佬族},鎶,鍋,菏{古湖名},滒,歌,戈,堝,哥{大哥},咼{姓}
go2	kɔ35	哿,𠜴,餜,錁,裹,蜾,菓,舸,粿,笴{(又)},猓,果,嗰{粵字，那，本字箇，本地用嚕}
go3	kɔ33	個,過{過逾；過失},箇
go4	kɔ21	㰤{(語)打鼾聲，睡得～～聲，響～～}
goe1	kœ55	啹{撅；噘},撅{(語)～屎窟，撅屁股，又作啹字},噘{(語)～嘴，噘嘴，又作啹字}
goek3	kœk3	屩,蹻{同屩字；高～瘸，高蹺},蹺{(語)高～瘸，高蹺，本字屩/蹻，俗字腳},腳
goeng1	kœŋ55	僵{(文)},韁{(文)},薑{生薑},繮{(文)},礓,疆{(文)邊疆},畺{(文)},殭{(文)},彊{同疆字},姜{姓}
goeng2	kœŋ35	蔃{根、莖，或爲梗的音變}
goeng6	kœŋ22	勥{固執，又作犟字},糨,犟{固執，又作勥字},彊{同強字}
goi1	kɔi55	垓,隑{梯子},陔,閡{同垓字},賅,該,荄,胲{牲蹄},晐
goi2	kɔi35	改,胲{臉頰}
goi3	kɔi33	丐{(又)},蓋
gok3	kɔk3	㕵{同國字},馘{(又)},閤{同閣字},閣,鉻{金屬元素，符號Gr},角,覺{(文)覺悟，覺醒},袼,蟈,虢{(又)},膕,硌{硌腳},珏,玨,漍,桷,斠{平斗斛},擱{(文)},幗,國,咯{雞叫聲},各,傕
gon1	kɔn55	乾{乾燥},酐{酸酐},虷{侵犯},肝,竿,矸{矸石，丹矸},玕,漧,杆{旗杆，欄杆},干{天干地支，干涉}
gon2	kɔn35	扞{同擀字},趕,赶,笴,稈,桿{筆桿，桿秤},擀
gon3	kɔn33	幹{骨幹，幹勁},簳,矸{山石貌},榦{同幹字},旰{宵衣旰食}
gong1	kɔŋ55	㿠,鿍,阬{大山坡},釭,輄,豇,茳,舡{(又)},胱,肛,罡,缸,綱,矼,瓨,珖,玒{(又)},洸,江,棡,桄{桄榔},杠{牀前橫木},摃,掆{擡、扛},扛{力能扛鼎},崗,岡,堽{長堽嶺，地名},垙,咣,剛,冮,光,亢{人頸}
gong2	kɔŋ35	广{同廣字},講,耩,獷,港,桄{(又)桄榔},廣
gong3	kɔŋ33	杠{同槓字},降{下降},鋼{鋼鐵；鋼一鋼},虹{(白)雙～，兩道彩虹},絳,洚,槓{槓桿，單槓},桄{充也}
gong6	kɔŋ22	逛
got3	kɔt3	㖵,葛,噶{象聲詞},割
got6	kɔt2	嗗{(語)～～聲，吞咽聲，引申作喝，又作𣢯字},𣢯{(語)～～聲，吞咽聲，又作嗗字}
gu1	ku55	古{(外)朱古力，英語chocolate},鴣,高,酤,辜,軲,觚,蛄,菰,菇,膏{名詞，牙膏；動詞，膏車},胍{胍𦘴},羔,罛,糕,篙,睾,睪{同睾字},皋,沽,櫜,槔,孤,姑,咕{咕嚕},呱{呱呱墜地}
gu2	ku35	䀇,𦙶,鼓,鎬{鎬頭},鈷,賈{商賈},詁,蠱,蛌,藁,臌,股,羖,罟,縞,筶{義未詳},稿,瞽,盬,牯,槁,果{(又)如果，語流音變},杲,嘏,古{古代},估{估計；猜}
gu3	ku33	僱,鯝,顧,雇,錮,鋯,郜,誥,筶{卜具},痼,故,崮,堌,固,告
gui6	kui22	䠩{累，又作癐/攰字},癐{累，又作䠩/攰字},攰{累，又作癐/䠩字}
guk1	kʊk5	嚳,鵠{鵠的},鞫,鞠,鋦{鋦碗},轂,谷{山谷},菊,穀{五穀},牿,瀔,榖,梏,掬
guk6	kʊk2	侷{侷促},鋦{金屬元素，符號Cm},跼,焗{悶，一說本字焅，另一說本字局},焅{(又)},局
gun1	kun55	倌,觀{參觀},蒄,棺,官,冠{衣冠}
gun2	kun35	䲘,館,莞{東莞},脘,管,筦,琯,朊{胃}
gun3	kun33	冠{冠軍},鸛,鑵,貫,觀{寺觀},罐,祼,盥,瓘,爟,灌,涫,毌
gung1	kʊŋ55	䢼,龔,釭{(又)},躬,蚣,芎,紅{女紅},篢{篢笠},碽,玒{(又)},攻,愩{心煩；恐懼},恭,弓,工,宮,功,公,供{供應，供養}
gung2	kʊŋ35	㧬{抱持；舉},鞏,珙,栱,拱
gung3	kʊŋ33	供{供奉},𫋐{鑽，拱出，與掬對轉},貢,汞,愩{自我抬舉},嗊{嗊吥}
gung4	kʊŋ21	碽{(語)詞綴，～～聲}
gung6	kʊŋ22	共
gut6	kut2	嗗{～茶，喝茶},𣢯{～茶，喝茶}
gwaa1	kʷa55	呱{頂呱呱},胍{有機化合物},瓜,歄{弱貌；〈語〉死亡}
gwaa2	kʷa35	剮,寡
gwaa3	kʷa33	卦,詿,褂,掛,挂,坬,啩
gwaa4	kʷa21	呱{(語)詞綴，吆～～，叫喳喳，元音象義}
gwaai1	kʷai55	乖
gwaai2	kʷai35	拐{拐彎；拐棍},𧊅{螞～，青蛙，又作蟆蟈},蒯{(又)},柺{柺棍},枴{枴棍}
gwaai3	kʷai33	夬,怪
gwaak3	kʷak3	摑
gwaan1	kʷan55	瘝,鰥,關{(文)關公，關心；姓},綸{羽扇綸巾}
gwaan3	kʷan33	慣{(文)慣性},躀{摔倒},擐,摜
gwaang2	kʷaŋ35	梗{(又)菜梗}
gwaang6	kʷaŋ22	俇{俇俇},逛{(又)}
gwaat3	kʷat3	刮{(文)},鴰,颳{(文)},聒,筈,栝{櫽},括{包括，搜刮}
gwai1	kʷɐi55	傀{傀奇},龜{烏龜},鮭,閨,銈,邽,硅,皈,瑰{瑰寶},珪,潙,溈,洼{姓},歸,廆{山名},嬀,媯,圭
gwai2	kʷɐi35	佹,鬼,軌,詭,簋,氿{氿泉},晷,庋,宄,姽,匭,傀{(又)傀儡}
gwai3	kʷɐi33	劌,鱖,貴,筀,癸,瑰{玫瑰},炔{姓},炅{姓},桂,昋{姓},撅{揭},悸,季
gwai6	kʷɐi22	匱,饋,餽,跪,蕢,簣,櫃{櫃檯},柜{同櫃字}
gwak1	kʷɐk5	搉{(又)敲},砳{(又)}
gwak6	kʷɐk2	𥕏{硬～～，硬邦邦}
gwan1	kʷɐn55	君,龜{龜裂，同皸字},麇{獐子},鵾{(文)},鮶,頵{(又)},鋆{(又)},鈞{(文)新讀},軍,褌,莙,筠{筠連，地名},皸,婫{(文)},均{(文)新讀}
gwan2	kʷɐn35	滾,鯀,輥,袞,緄{(文)},磙
gwan3	kʷɐn33	呁,𧥺{欺騙},謴,棍,捃{(又)}
gwan6	kʷɐn22	珺,郡
gwang1	kʷɐŋ55	揈{驅趕，同轟字},轟,輷,訇,觥,薨,肱
gwang4	kʷɐŋ21	訇{(語)詞綴，紅～～}
gwang6	kʷɐŋ22	輷{(語)圈，繞}
gwat1	kʷɐt5	䓛{(又)},鶻{鶻鵃},骨,餶,蓇,汩,橘,榾
gwat6	kʷɐt2	倔,𥏘,𡲬{禿、鈍；～頭巷，死衚衕},掘,崛
gwe1	kʷɛ55	呱{(語)詞綴，吆～～},𠺌{詞綴，吆～～}
gwe4	kʷɛ21	呱{(語)詞綴，吆～～，叫喳喳，元音象義},𠺌{(又)詞綴，吆～～}
gwen1	kʷɛn55	關{(白)關門，關閘}
gwen3	kʷɛn33	慣{(白)習慣}
gwet1	kʷɛt5	聒{(語)聲音尖細}
gwet3	kʷɛt3	刮{(白)},颳{(白)},擖{(語)用刀刮},括{(白)}
gwik1	kʷek5	洫,鶪,馘,闃,虢,綌,湨
gwing1	kʷeŋ55	坰,駉,扃
gwing2	kʷeŋ35	冏,迥,詗,苘{(又)},絅,熲,炯,炅{火光；明亮},泂,檾{(又)},囧
gyu1	ky55	居,駒{(文)},車{車馬炮},裾,腒,琚,椐,据{拮据},崌
gyu2	ky35	妓{(語)老舉，本字老妓},齲,踽,襷,蒟{蒟蒻},莒,舉,筥,矩,櫸,榘,柜{柜柳},弆
gyu3	ky33	倨,鋸{〈名〉鋸子；〈動〉鋸開},踞,據{根據},据{同據字},屨,句
gyu6	ky22	俱{俱樂部},颶,鉅{姓},醵,遽,距{(又)},詎,苣,窶{貧窮},秬,犋,炬,澽,據{(又)據說},拒{(又)},懼,巨,岠,姖,具
gyun1	kyn55	娟,鵑,蠲,蜎{(語)爬着鑽},絹{手絹，絹絲},焆,涓,捐
gyun2	kyn35	卷{試卷},錈,捲{捲起}
gyun3	kyn33	券{(習)},鄄,絹{(又)},睠{同眷字},睊,眷,狷,桊,婘{同眷字},圈{豬圈}
gyun6	kyn22	倦
gyut6	kyt2	橛{量詞，截}
haa1	ha55	㗇{欺負，一說本字諕/謑},𨉣{～腰，又作哈腰},閜{大開},鉿{金屬元素，符號Hf},蝦{蝦米},瘕{扯瘕（掹瘕），喘咳},岈{㟏岈},哈{哈哈笑；哈腰，又作𨉣腰},吓{嘆詞}
haa2	ha35	哈{(語)表疑問}
haa4	ha21	叚{同瑕/遐字；姓},霞,遐,蝦{蝦蟆，又作蛤蟆},蛤{蛤蟆，又作蝦蟆},瘕{同瑕字},瑕,哈{(又)笑～～，元音象義；～一口氣}
haa5	ha24	下{一下，等下},吓{同下字}
haa6	ha22	下{底下，下山},雫,暇,廈{大廈；廈門},夏
haai1	hai55	嗨,揩{揩油}
haai4	hai21	偕{白頭偕老},骸,鞋,諧,孩,嚡{澀；粗糙}
haai5	hai24	懈,駭{(又)},邂,蟹,薢{(又)},獬,澥,檞{(又)}
haai6	hai22	嗐{(又)},齘,解{姓},觟{觟䚦},薤,瀣,械,廨{(又)}
haak3	hak3	吓{同嚇字},赫,揢{以手把着},客,嚇{嚇一跳；恐嚇},喀{喀斯特，喀秋莎}
haak6	hak2	垎
haam1	ham55	憨
haam2	ham35	闞{虎聲},餡{(白)}
haam3	ham33	㘚,闞{犬聲},喊{(文)}
haam4	ham21	函,鹹{(文)},銜,諴,涵,崡,啣,咸{咸陽，老少咸宜}
haam5	ham24	菡
haam6	ham22	憾,餡,顉{(又)},陷,撼
haan1	han55	慳{節省},臤{堅固},羥{羊名},掔
haan4	han21	嫺,鷴,鷳,閒{(文)悠閒，閒置},閑{防閑},癇,嫻
haan6	han22	硍,限,莧{(文)}
haang1	haŋ55	劥{劥㔞},阬{同坑字},夯{夯實},坑
haang4	haŋ21	行{行路}
haap3	hap3	呷{大口喝，又作欱/𣣹字},袷{袷袢},莢{(語)菜～，老菜葉},狹{(常)狹窄，後字調感染},欱{大口喝，又作呷字},掐,挾{(又)挾持},恰
haap6	hap2	俠,陜,翈,篋{書篋},硤,狹,狎,炠,洽,柙{藏獸檻},峽,匣
haat3	hat3	瞎
haau1	hau55	哮,骹{小腿},酵,鄗{山名},虓,薅,茠{同薅字},磽,猇,烤,毃{同敲字},敲{敲門},尻,嚆,嘐{誇語}
haau2	hau35	巧{(文)技巧，巧克力},考,洘,栲,攷{同考字},拷
haau3	hau33	孝,涍
haau4	hau21	姣{淫蕩}
haau6	hau22	恔{暢快},滧,校{學校},斆{教導},斅{教導},效
hai1	hɐi55	㞓{女陰（即谿，山間河），俗字閪},閪{女陰，本字㞓（即谿，山間河）}
hai2	hɐi35	喺{在，本字在}
hai4	hɐi21	傒{(文)},鼷{(文)},騱{(文)},郋,蹊{(文)蹊徑},嵇{(文)},奚{(文)},兮
hai6	hɐi22	係{關係；是},繫{連繫；繫鞋帶},系{系統},禊,傒{同繫字}
hak1	hɐk5	克{(文)巧克力},𨭆,黑,赫{(又)},氪{(文)},可{可汗},剋{(文)},刻{(文)}
ham1	hɐm55	坩,龕,顉,鑫,酣{(又)},訢{(又)},蚶,炘{(又)},歆,欽,欣{(常)欣賞，讀同欽},昕{(又)},戡,忻{(又)},廞,嶔,嵁,堪
ham2	hɐm35	坅{坑},𧾏,顑,轗,莰,砍,欿{貪},扻{磕、碰，與磕對轉},埳,埯{(語)坑},垵{(語)坑},坎
ham3	hɐm33	勘,闞{姓},磡,瞰,嵌,崁,墈
ham4	hɐm21	含,酣,琀,焓,浛,晗,嵅,唅{同含/琀字；〈語〉詞綴，趯～～}
ham5	hɐm24	撖{姓},頷
ham6	hɐm22	冚{～𠾴（唪、巴）唥，全部；嚴密}
han1	hɐn55	忻{(又)},訢{(又)},炘{(又)},欣{(又)},昕{(又)}
han2	hɐn35	哏{同很/狠字},齦{啃},豤,詪,狠,懇,很,墾
han3	hɐn33	睏{(白)拜眼～，打瞌睡},釁{(又)},衅{(又)},舋{(又)}
han4	hɐn21	拫{牽引},痕{傷痕；癢}
han6	hɐn22	恨
hang1	hɐŋ55	亨,鏗{(文)},硜,摼{敲打},啈{嘆詞},哼{哼唱},吭{不吭聲}
hang2	hɐŋ35	啃{(文)},肯
hang4	hɐŋ21	姮,鴴,衡{平衡；〈語〉繃緊，俗字拫},行{行爲},蘅,珩,桁{桁條},拫{(語)繃緊，本字衡},恒,恆
hang6	hɐŋ22	倖{倖免},行{品行},莕,荇,杏,悻,幸{幸福},婞,堼
hap1	hɐp5	㝓{同䆟字},𧬈{欺負},𧪞{(語)欺負，又作𧬈字},磕{(白)磕碰，磕頭，與扻對轉},瞌{(白)小睡；合眼},匼,䆟{合也}
hap6	hɐp2	合{合作},𬌗,𧪞{靜；多言},餄{餄餎},頜{上下頜},闔,閤{同闔字},鉿{鉿匝，同匼匝},郃,耠,磕{(文)},瞌{(文)},盒,盍,熻{(語)㷫～～，熱烘烘，又作烚字},烚{㷫～～，熱烘烘，又作熻字},溘,洽{(又)},搕{敲擊；取},峇{岌峇},嗑
hat1	hɐt5	乞,迄{(又)},訖{(又)},汔{(又)},忔{喜},喫{(又)},吃{(又)}
hat6	hɐt2	劾,齕,黠{狡黠},閡{隔閡},轄,覡,覈{覈對},葜,翮,紇{回紇},檄,核{核桃，核心，核武器；同覈字}
hau1	hɐu55	候{(語)守候、留意，俗字睺},齁,睺{守候、留意，本字候}
hau2	hɐu35	口,吽{同吼字},吼
hau4	hɐu21	侯,骺,餱,鍭,篌,睺{半盲},瘊,猴,喉
hau5	hɐu24	厚,垕{同厚字；姓}
hau6	hɐu22	候,鱟,鮜,郈,逅,後,堠,后
he1	hɛ55	哈{(又)笑～～，又作嘻字},嘻{(又)笑～～，又作哈字}
he2	hɛ35	咗{(又)},唨{(又)}
he3	hɛ33	㹃{翻、撬},氣{(語)離[lɛ21]～，不修邊幅},气{(語)離[lɛ21]～，不修邊幅}
he4	hɛ21	哈{(又)笑～～，元音象義，又作嘻字},嘻{(又)笑～～，元音象義，又作哈字}
hek3	hɛk3	吃{吃飯},喫{(文)}
hem3	hɛm33	㘚{(白)},喊{(白)}
hem4	hɛm21	鹹{(白)鹹淡}
hen1	hɛn55	慳{(白)節省；歇息；罕讀}
hen2	hɛn35	蜆{(白)},齦{(白)啃，老鼠～}
hen4	hɛn21	閑{(白)同閒字},閒{(白)得閒}
hen6	hɛn22	莧{(白)莧菜}
heng1	hɛŋ55	輕{(白)～重，輕[hɛŋ21]～}
heng4	hɛŋ21	贏{(罕)}
het6	hɛt2	勩{(語)器物磨損}
heu1	hɛu55	敲{(白)},蹻{(文)同蹺字},蹺{(文)},翹{(文)～腳},繑{(文)},橇{(文)}
heu4	hɛu21	姣{(白)}
hi1	hi55	俙,鱚,魌,釐{同禧字},醯,郗{骨節間；姓},豨,譆,誒{可惡之辭；強笑},羲,絺{(又)},稀,禧,睎,琋,犧,爔,熹,熙,烯,浠,欺,欷,榿,曦,晞,戲{(白)兒～，不可靠，又作兒嬉},希,巇,嬉,娭{同嬉字},嚱,嘿{笑聲},嘻,唏,兮{(又)},僖
hi2	hi35	呇{明亮的星},𨭎,起,豈,蟢,芑,玘,暿,憙,屺,喜
hi3	hi33	咥{大笑貌},餼,炁,汽,氣{空氣},气{同氣字},棄,戲{～劇},憩,屭,屓,器
hi4	hi21	嘻{(又)笑～～，元音象義}
hik1	hek5	吃{(又)},喫{(又)}
him1	him55	忺,𣔙{(又)},鍁{(又)},謙,磏{地名，大磏},杴{(又)}
him2	him35	嶮,險,肷,玁,獫
him3	him33	慊{怨恨},芡,歉,欠
him4	him21	嫌{(白)}
hin1	hin55	㩮{同攑字},𣔙,鶱,騫,鍁,軒,諐,褰,臤{(又)},縴{縴夫},祆,牽,汧,杴{農具名，又作𣔙/鍁字},攑,攐,搴,掔{(又)},掀{掀起，與揭對轉},愆,岍
hin2	hin35	㬎,𩝡,顯,遣,譴,蜆{(文)},繾,櫶,䭤,䘆
hin3	hin33	憲,獻
hing1	heŋ55	兄,馨,輕{(文)},興{興旺},氫,卿
hing3	heŋ33	㷫{烤；热；烫},謦,詗{(又)},興{高興},罄,綮{肯綮},磬,敻{遠},慶,夐{遠}
hip3	hip3	䁋,脇,脅,搚{(又)},挾{挾持，挾帶},慊{滿足},愜,怯,叶{叶韻，同協字},協,勰
hit3	hit3	歇,蠍{(文)},蝎{(文)}
hiu1	hiu55	僥{僥倖},鴞,驍,繑{(又)},梟,枵,徼{徼倖},囂,嘵
hiu2	hiu35	曉
hiu3	hiu33	竅{(文)}
hm1	hm55	噷
hng6	hŋ22	哼{感嘆詞},啈{發狠聲}
ho1	hɔ55	㰤{同呵字},訶,抲{指揮},嚯,呵
ho2	hɔ35	可{可以},閜{閜砢},舸{(又)},炣,岢,坷,哿{(又)}
ho4	hɔ21	何,蚵,菏{菏澤，地名},荷{薄荷，荷花},河,嗬{嘆詞；～哆[tɛ55]，嗩吶},和{(語)連詞，官話借詞}
ho6	hɔ22	荷{荷載},賀
hoe1	hœ55	㗾{起鬨，本字噓},靴,吙{(又)呼氣聲}
hoe2	hœ35	㗾{㗾[hœ21]～聲，㗾[hœ21]～滾，熱鬧貌；完成補語，食～飯，或源自咗[tʃœ35]},唨{(又)},咗{(又)}
hoe4	hœ21	㗾{～㗾[hœ35]聲，滾～～，熱鬧貌},嗬{(又)～哆[tœ55]，嗩吶}
hoeng1	hœŋ55	薌{穀香},香,鄉
hoeng2	hœŋ35	享,饗,餉,響,晌,垧,亯
hoeng3	hœŋ33	向{向前},珦,曏{從前},嚮{嚮導}
hoet6	hœt2	吷{(語)氣～～，氣喘吁吁}
hoi1	hɔi55	咍,開,鐦
hoi2	hɔi35	凱{(文)},闓{(文)},鎧{(文)},醢,胲{有機化合物的一類},海,愷{(文)},塏{(文)},剴
hoi4	hɔi21	頦,骸{(又)}
hoi6	hɔi22	亥,駭{驚駭},氦,害,嗐
hok3	hɔk3	殼,𦞦{(文)},𤌍{(又)},郝,蠚,熇
hok6	hɔk2	學,鶴,隺,貉{貉子},翯,斆{學},斅{學},嶨
hon1	hɔn55	看{看守},頇
hon2	hɔn35	侃,蔊{(又)},罕,刊
hon3	hɔn33	厂{山石之崖},衎,看{看見},熯,漢,暵
hon4	hɔn21	寒,韓,邯,邗,虷{井中赤蟲},犴{駝鹿},汗{可汗，汗國}
hon5	hɔn24	旱
hon6	hɔn22	垾,鼾,銲{同焊字},釬{同焊字},蔊,莧{(又)},翰,矸{磓},犴{(又)狴犴},焊,瀚,汗{出汗},旰{皓皓旰旰},撼{(又)},捍,扞{同捍字},悍
hong1	hɔŋ55	䆲,𡐓,鱇,躿,腔{口腔},糠,漮,慷{(文)},康,䗧
hong2	hɔŋ35	䉺{陳米氣味；皮膚乾燥},衖{同巷字，街巷},巷{(白)街巷}
hong3	hɔŋ33	炕{烤}
hong4	hɔŋ21	吭{引吭高歌},頏,降{投降},行{銀行},航,肮{喉嚨},絎,笐,沆,桁{刑具},杭
hong5	hɔŋ24	酐{苦酒},項{(又)項鏈}
hong6	hɔŋ22	巷{(文)石巷口，地名},𣚺{雞～，小母雞},項{項目},桁{衣架}
hot3	hɔt3	喝,𦤦,鶡,餲{餅類食品},鞨{鞋；靺鞨},褐,蝎{木中蠹蟲},渴{口渴},曷
hu1	hu55	茠{(又)},薅{(又)},蒿
hu2	hu35	好{好壞}
hu3	hu33	呵{(語)哦/噢～，表無奈或嘲諷},耗,秏,好{喜好}
hu4	hu21	嗥,豪,蠔,蚝{同蠔字},號{呼號},濠,毫,壕,嚎
hu6	hu22	昊,顥,鎬{鎬京},鄗{地名},號{號碼},皞,皓,灝,滈,淏,浩
huk1	hʊk5	哭
huk6	hʊk2	斛,𤌍,鵠{鴻鵠},酷,觳{觳觫},縠,焅,槲
hung1	hʊŋ55	倥{倥侗},訩,胸,箜,空{空虛},硿,烘,洶,悾,崆,埪,哅,哄{亂哄哄},吽{唵嘛呢叭咪吽},匈,匂,凶{吉凶},兇{兇惡}
hung2	hʊŋ35	倥{倥傯},愩{心神恍惚},恐,孔,嗊{羅嗊},哄{哄騙},吼{(又)}
hung3	hʊŋ33	嗅{(語)用鼻聞},齅{(語)用鼻聞},空{空缺},烘{(又)},汞{(又)},控
hung4	hʊŋ21	吰,黌,鴻,雄,閎,鋐,鉷,谼,訌,虹{彩～},蕻{雪裏蕻},葒,耾,翃,紘,紅{紅色},竑,硔,玒,洪,泓,弘,宏
hung6	hʊŋ22	哄{同鬨字，起哄},鬨{起鬨},蕻{菜薹},澒
hyu1	hy55	吁{長吁短嘆},訏,虛,盱,歔,旴,墟,圩{同墟字},噓{吹噓}
hyu2	hy35	冔,詡,許,珝,煦,栩,昫,喣,咻{噢咻}
hyu3	hy33	去,酗{酗酒}
hyun1	hyn55	儇,𨟠,鋗,軒{(常)},譞,諼,諠,蝖{蝖螜},萱,翾,禤,煖{同煊字},煊,烜,棬,暄,晅,嬛{便嬛},壎,塤,圈{圓圈},喧,咺{顯著}
hyun2	hyn35	䘆{(語)黃～，蚯蚓，又作蝖字},蝖{(語)黃～，蚯蚓，又作䘆字},畎,甽{同畎字},犬,烜{(又)},暅{日氣},咺{兒啼不止}
hyun3	hyn33	券{(書)},綣,絢,楦,敻{營求},夐{營求},勸
hyut3	hyt3	吷,血
ik1	∅ek5	肊{(語)打～，打嗝}
jaa1	ja55	丫{(又)},𠭯{(白)},鴉{(又)},渣{(白)食～米，窩囊廢},摣{(白)},揸{(白)},抯{(白)},抓{(白)握、拿},喳{(白)吆～～，叫喳喳},呀{(又)},吖{(又)},吔{語氣詞}
jaa4	ja21	吔{(又)表承接語氣},喳{(語)吆～～，叫喳喳},呀{(又)表承接語氣}
jaa5	ja24	也
jaa6	ja22	廿{(白)二十，二啊[a22]的合音}
jaai2	jai35	跴{(白)},踹{(白)},踩{(白)}
jaai3	jai33	嘬{(白)嚼}
jaak1	jak5	吔{(又)語氣詞，哎～，表驚歎}
jaak3	jak3	吃{(白)},喫{(白)}
jaam3	jam33	滲{(又)},蘸{(又)}
jaang3	jaŋ33	撐{(白)蹬、踹},𨆪{蹬、踹，本字撐},𨅝{蹬、踹，本字撐}
jaap1	jap5	悒{(語)心～，心煩}
jaap3	jap3	擪{(語)～火，按捺着怒火，又作擫字},眨{(白)},炠{(語)古壯字，刺癢},擫{(語)同擪字}
jaap6	jap2	熠{(語)閃爍}
jaau1	jau55	㕭{咿～，不認真，又作咿呦},撓{(語)搔、撓，本字抓},抓{(白)搔、撓，俗字撓},呦{(語)咿呦，不認真，又作咿㕭}
jaau2	jau35	爪{(白)}
jaau4	jau21	鷂{(又)}
jaau6	jau22	棹{(白)划，～手，招手},櫂{(白)划，～手，招手}
jai4	jɐi21	𠯋{劣質的，本字勩}
jai5	jɐi24	跇{(語)孩童頑皮，又作跩字},𠯋{孩童頑皮，本字跩/跇},跩{(語)孩童頑皮，又作跇字}
jai6	jɐi22	勩{(又)},跩,跇,枍,曳,拽,抴
jak1	jɐk5	吔{(又)語氣詞，哎～，表驚歎},簎{(語)刺；引逗，～鬼崽（小孩）}
jak6	jɐk2	掝{(語)～手，擺手，疑本字劃；移～，不穩重}
jam1	jɐm55	喑,𩬎{劉～，額前髮、劉海，本字蔭},音,陰,蔭{樹蔭；劉～，額前髮、劉海，俗字𩬎},瘖,愔
jam2	jɐm35	飲{飲酒}
jam3	jɐm33	廕{廕庇},飲{飲馬},蘸{(白)滲透、滲漏，俗字滲},蔭{蔭涼；蔭庇},窨{窨井},滲{(語)滲透、滲漏，本字蘸}
jam4	jɐm21	任{姓},霪,簷{(白)},淫,檐{(白)},崟,壬,吟{呻吟，吟詩},冘{冘冘}
jam5	jɐm24	荏,餁{(又)},飪{(又)},趛
jam6	jɐm22	任{責任},餁{同飪字},飪,賃,衽,絍,紝,恁{這，那},妊
jan1	jɐn55	凐{寒貌},駰,闉,銦,諲,訢,茵,絪,禋,甄{(又)},焮,炘,溵,湮,洇,氤,殷,歅,欣{欣賞},昕,慇,忻,姻,堙,垔,因
jan2	jɐn35	潤{(白)禽畜的肝，俗字膶},隱,膶{禽畜的肝，本字潤，避諱乾}
jan3	jɐn33	印,𢷍{劑，平量},鮣,釁,衅,茚,舋{同釁字},焮{(又)}
jan4	jɐn21	人,寅,夤,勻{(罕)},儿{同人字},仁
jan5	jɐn24	允{(罕)},蚓,縯{引},癮,戭{長槍},忍,引,尹{(罕)},吲{吲哚},听{笑貌}
jan6	jɐn22	䏰,韌{堅韌},閏,軔,訒,胤,肕{堅肉；同韌字},紉,潤{滋潤},憖{(又)},孕,匁,刃,仞
jang3	jɐŋ33	韌{(語)肉食煮得不爛，古壯字作絴}
jap1	jɐp5	㬤{(又)},邑,裛,翕{翕動，翕然},眨{(白)},熠,湆,浥{溼潤},泣,揖,挹,悒{悒鬱},執{(白)撮、抓},唈
jap6	jɐp2	入,込,翕{(語)揮動，～手；翅膀搧動聲}
jat1	jɐt5	一,辷,弌,壹
jat6	jɐt2	佚,馹,鎰,逸{逃逸，安逸},軼,肸{肸蠁},溢,昳{昳麗},日,佾
jau1	jɐu55	丘,麀,鵂,髹,邱,貅,蚯,茠{(又)同休字},耰,搊{(白)拿、提},掫{(白)拿、提},憂,悠{(又)悠閒，又作優閒},庥,幽,咻{喧鬧},呦{呦呦},凪{(又)},優,优,休
jau2	jɐu35	友{(白)友崽，後字調感染，視語境貶稱或暱稱},黝,鈾{(白)},釉{(白)釉面[min35]磚},蚴{蚴虬},柚{(白)蜜柚，沙田柚}
jau3	jɐu33	幼,誘,蚴{毛蚴，尾蚴},皺{(白)},珛
jau4	jɐu21	冘{冘豫，同猶豫},鮋,魷,鞣,鈾,郵,遊{旅遊},輶,輮,蹂,蝤{蜉蝤},蝣,蚰,蕕,莜{莜麥},繇{同由字},糅,疣,由,猷,猶,游{游泳},浟{水流貌},油,柔,攸,揉,悠{悠久，悠閒},尤,尢{姓；同尤字}
jau5	jɐu24	㞢{同有字},銪,酉,莠,羑,牖,槱,有,戭{長盾},友{朋友，老友},卣
jau6	jɐu22	佑,鼬,釉{彩釉},祐,狖,柚{(文)},宥,囿,右,又,侑
je1	jɛ55	爺{(白)伯爺，伯爺公，伯爺婆}
je4	jɛ21	倻,鋣,邪{莫邪，琅邪；助詞},耶,琊,玡,爺{老爺},椰,揶
je5	jɛ24	冶,野,若{般若},惹,嘢{東西，一說本字個，乜嘢即乜嘅（物個）},喏{唱喏}
je6	jɛ22	偌,射{僕射},夜
jek3	jɛk3	䭞{(語)油變質味，即哈喇，本字膱，俗字膉},膱{(白)臭油～，油變質味，即哈喇，又作䭞字},膉{(語)臭油～，油變質味，即哈喇，又作膱/䭞字}
jem1	jɛm55	艷{(語)詞綴，紅～～},豔{(語)詞綴，紅～～}
jem4	jɛm21	艷{(語)詞綴，紅～～},豔{(語)詞綴，紅～～}
jen1	jɛn55	肕{(語)臉皮厚；丟臉、尷尬}
jeng4	jɛŋ21	贏{(白)}
jep3	jɛp3	擪{(白)～衫袖，捲起衣袖，又作擫字},擫{(白)同擪字}
jet1	jɛt5	逸{(語)用手撐起身體；躍過}
jeu2	jɛu35	爪{(白)}
ji1	ji55	伊,𪘲,𡄵,黟,銥,醫,譩,衣,繄,禕,猗,漪,洢,毉{同醫字},欹{同猗字},悘{審},姨{(白)阿姨},噫,咿{～㕭，不認真，又作咿呦},兒{(白)乞～，乞丐，老派可作名詞後綴，相當於崽，貓～、雀～，又可作小稱，手指頭～大},依
ji2	ji35	倚,齮,踦{抵住},綺,犄{去勢的公牛},椅,旖,掎{(又)},扆,婍,咦{(又)}
ji3	ji33	意,饐,鐿,議{(又)議論},薏,癔,瘞,殪,懿
ji4	ji21	儀,鴯,鮞,飴,頤,陑,鉹{(又)},酏,遺{(又)},迤{逶迤},迆{同迤字，逶迆},貽,誼{(又)},誃{門名；臺名},詒{贈送},觺{(又)},袲,螔,蛇{虛與委蛇},荑{莁荑；芟刈},腝{同胹字},胰,耛,耏{同而字；獸多毛},而,羠,簃,移,眙{盱眙},痍,疑{(又)},沂,椸,杝{椴木},扅,怡,彝,嶷{(又)},峏,宧,宜{(又)},姨{姨媽},夷,圯,咦,匜,兒{～童；～戲[hi55]，不可靠，又作兒嬉},儿{同兒字}
ji5	ji24	以,駬,餌,阤{阤靡},鉺,邇,迤{迤邐},迆{同迤字，迆邐},議{會議},苡,耳,矣,珥,爾,洱,已,尔,佁{癡；靜}
ji6	ji22	二,髶{髮飾},食{酈食其，古人名},貳,誼{(又)},肄,義,異,潩,易{容易},弍,异,廙,咡,勩,劓,儀{(又)},佴{次、隨後},伿
jik1	jek5	億,螠{蟲名},臆,膱{(白)油脂變質，俗字膉},膉{肥；〈語〉油脂變質，本字膱},肊{氣滿},繶,益,抑,憶,嗌{咽喉}
jik6	jek2	㑊,驛,釴,譯,蜴,腋,翼,翌,翊,繹,睪{伺視},疫,燚,熤,液,杙,易{交易},掖,懌,役,弋,弈,嶧,射{無射},奕,埸,域{(又)},亦,䭞{飯壞}
jim1	jim55	㤿{㤿憸，愛挑剔},閹,醃{(書)},腌{(書)以鹽漬物，～肉},淹,懨,崦,奄{奄奄一息}
jim2	jim35	㜝{美},𥀬{痂},龑,黶,魘,罨{魚網},演{(習)},渰,掩,弇,奄{奄然},厴{蟹腹下甲}
jim3	jim33	俺,饜,覎,厭
jim4	jim21	儼{(又)},鹽,髯,阽{(又)},閻,閆,蚺{(又)},芫{(習)芫茜，芫荽},簷,炎,檐,嫌,嚴,呥
jim5	jim24	䎃,苒,礹{險峻},琰,棪,染,扊,广{依山崖建造的房屋},剡{銳利，削尖},冉,儼
jim6	jim22	掞{照耀},釅,豔,艷,爓{同焰字},燄,焱,焰,灩
jin1	jin55	咽{咽喉},閼{閼氏},鄢,菸{香菸},胭,燕{燕京},煙{煙霧},焉{焉能，焉知},漹,湮{(又)},嫣
jin2	jin35	偃,鼴,鶠,郾,躽,蝘,縯{長},演{(書)},毽{(習)本字燕},戭{人名}
jin3	jin33	咽{吞咽},鷰{同燕字},豔{(常)鮮豔，豔麗},諺{(又)},艷{(常)同豔字},燕{姓；燕子},灩{(又)},彥{(又)},宴,嬿,墕,堰,嚥{吞嚥}
jin4	jin21	㘋,賢,言,蜒,舷,臤{同賢字},綖,絃{琴絃},筵,硏{同研字},研{研究，鑽研},痃,玹{姓},燃,然,焉{心不在焉},涎,揅,弦{弓弦},延,妍,埏{邊際},伭,㳄
jin5	jin24	俔,衍,睍,甗,沇,巘,兗
jin6	jin22	唁,𪗛{同齞字，露齒貌},齴{同齞字，露齒貌},齞{露齒貌},讞,諺,莧{(又)},硯,現,烻{光熾},晛,彥,峴
jing1	jeŋ55	嚶,鸚,鷹,鶯{(又)},鍈{(又)},蠅{(白)},蘡,英,膺,纓,瓔,瑛,櫻,攖,應{應當，應屆},嬰,媖
jing2	jeŋ35	影,穎{(又)},癭,潁{(又)},映
jing3	jeŋ33	應{答應，應用}
jing4	jeŋ21	仍,陘,鎣,鉶,鈃{古酒器},邢,迎{迎接，與逆對轉},贏{(文)},蠅{(文)},螢,艿{舊草未割新草又生},縈,硎,盈,瑩,營{經營，營養},熒,瀠,瀛,瀅,濚,滎,楹,桯{同楹字},扔,形,嬴,娙,塋,型,刑
jing5	jeŋ24	郢
jing6	jeŋ22	媵,認
jip3	jip3	擪{(文)},靨,醃{(習)以鹽漬物，～肉},腌{(習)以鹽漬物，～肉},擫{(文)}
jip6	jip2	䈎,饁,頁,葉{樹葉},燁,楪{窗牖},曄,擛,擖{箕舌},揲{箕舌}
jit3	jit3	䊦,黦{色壞也},謁,噎,咽{哽咽},乙{(又)}
jit6	jit2	抴{(又)},熱,拽{(又)}
jiu1	jiu55	㙘,邀,要{要求},腰,徼{同邀字},幺,妖,夭,喓,吆{吆喝},么{同幺字}
jiu2	jiu35	扰,繞{圍繞；繞線},窈{(又)},窅,擾
jiu3	jiu33	要{重要}
jiu4	jiu21	垚,鰩,饒,颻,銚{大鋤；姓},遙,軺,謠,蟯,蕘,繇{同徭/謠字},窯,瑤,珧,猺,洮{湖名},橈{船槳},搖,徭,嶢,嬈,媱,姚,堯
jiu5	jiu24	崾,舀
jiu6	jiu22	曜,鷂{鷂鷹，紙鷂},耀,燿
jo1	jɔ55	唷,喲
jo2	jɔ35	唷{(又)表驚訝},喲{(又)表驚訝}
joek3	jœk3	約,躍,葯{白芷}
joek6	jœk2	叒,龠,鰯,鑰,鄀,謔{(又)},虐{(又)},藥{草藥},蒻,葯{同藥字},若{若是},籥,箬,瘧{(又)},爚,瀹,汋{同瀹字；汋陂},櫟{櫟陽},弱,婼{婼羌}
joeng1	jœŋ55	咉,鴦,鍈,秧,泱{泱泱；植物的漿，樹～、木瓜～},殃,央
joeng2	jœŋ35	怏,鞅,樣{(白)衰樣},抰
joeng4	jœŋ21	䉴{䉴䉛},鬤{頭髮亂貌},颺,陽,鍚,蛘{米象},蘘,羊,禳,瘍,痒{病},瑒{玉名；花名},煬,烊,瀼{露多貌},洋,楊,暘,揚,徉,垟,儴{因循，沿襲},佯
joeng5	jœŋ24	䑋,養{生養，供養},蛘{同癢字},癢,痒{同癢字},氧,卬{同仰字},仰{信仰}
joeng6	jœŋ22	嚷,釀,讓,羕,瀼{水名在蜀},漾,樣{兩樣},攘,恙,壤
jot1	jɔt5	黦{(語)腐爛；頹敗；能力差}
ju2	ju35	唷{(又)哎[ui35]～，表驚奇}
jui1	jui55	椎{(白)},錐{(白)錐子}
jui4	jui21	緌,蕤
jui5	jui24	蕊,鋭{(又)},銳{(又)},蘂{同蕊字}
jui6	jui22	枘,鋭,銳,裔,蜹,蚋,芮,睿,汭
juk1	jʊk5	勖,頊,隩{河岸彎曲處},鋈,郁{姓；馥郁},逳{行；動，俗字喐},薁,育,燠{熱},煜,沃,毓,昱,旭,彧,喐{動，本字逳},勗
juk6	jʊk2	堉,鵒,鬻{賣},鈺,辱,谷{吐谷渾},褥,蓐,肉,縟,硲,玉{玉石},獄,溽,淯,浴,欲{意欲},慾{慾望},峪
jung1	jʊŋ55	嗈,鶲,髶{(語)毛髮、絲、線等蓬亂},饔,雝,雍,鎓,邕,臃,翁{老翁},癰,澭,滃{滃江},擁{(又)擁軍；雙擁路，地名},壅{塞也},噰,嗡{嗡嗡}
jung2	jʊŋ35	佣{(白)佣金},鯒,踴,踊,蛹,蓊,絨{(白)絨布},甬,滃{雲氣起；大水貌},湧,涌{涌現},氄,擁{擁有，擁護},恿,宂{(又)},埇,冗{(又)},俑
jung4	jʊŋ21	傭{傭工},鱅,鰫,髶{髮亂},顒,鏞,鎔,鄘,蠑,融,蓉,茸,肜,絨{絨毛},瑢,狨,熔,熊,溶,榮{光榮，舊讀},榕,搑,戎,慵,庸,嶸,容,宂{同冗字},墉,喁{魚口向上},冗
jung5	jʊŋ24	勇
jung6	jʊŋ22	㶲,用,佣
jyu1	jy55	于{同於字},迂,込{(又)},紆,淤,於{於是，終於},吁{(又)}
jyu2	jy35	傴,瘀,嫗,噢{噢咻}
jyu3	jy33	燠{燠休},飫,酗{(又)}
jyu4	jy21	予{我},魚,髃,餘{剩餘},顬,雩,隅,隃,銣,邘,逾,輿,踰,諛,覦,襦,褕,蠕,蝓,虞,薷,萸,茹,艅,舁,臾,臑{嫩軟貌},腴,竽,窬,禺,盂,畬{新田二歲},璵,瑜,狳,牏,濡,漁,渝,毹,歟,歈,榆,旟,揄,挐{牽引；連續；亂},愚,愉,庾{(又)},嵛,嵎,崳,孺,嬬,娛,妤,如,嚅,喁{應和聲},儒,俞,余{姓；我},于{之子于歸；姓；單于}
jyu5	jy24	㺄,齬,雨,鋙{鉏鋙},鄅,貐,語,與{贈與；參與，已統讀},羽,窳,禹,瘐,瑀,汝,敔,擩,庾,嶼{島嶼},峿{岨峿},宇,圉,圄,俁,予{賦予},乳,与{同與字}
jyu6	jy22	喻,馭,預,遇,豫,譽,諭,裕,蕷,籲{呼籲},禦,癒{癒合},瘉,玉{(語)玉米，本字御米},澦,洳,愉{(又)},愈{愈加},悆,御,峪{(又)},寓
jyun1	jyn55	㾓{骨節痠痛},鵷,鴛,鳶,蜎{蜎蜎},葾{食物不鮮；蔫},箢{箢箕},眢,渕,淵,宛{大宛，古地名},冤
jyun2	jyn35	䩩,願{(白)情願，能願（即寧願的口語）},院,菀{紫菀},苑,膶{(老派)},縣{(白)邕寧縣，橫縣},畹,琬,潤{(白)禽畜的肝，俗字膶},夗
jyun3	jyn33	怨,惌
jyun4	jyn21	䮄,黿,騵,鉛,鈆,轅,袁,螈,芫{(書)},芄,羱,緣,紈,眩{(常)目眩},盷,痃{(又)},玹{玉色；石次玉},玄,猿,爰,烷,炫{(常)炫耀},源,湲,沿,沅,櫞,椽{(又)},杬,援,懸,完,嫄,媛{名媛},妧{人名},塬,堧,圜{同圓字},圓,園,員,原,刓,元,伭{(又)},丸
jyun5	jyn24	媆,阮,鉉,遠{遙遠；敬而遠之},軟,薳{植物嫩莖},腝{脚疾},瓀,泫,朊{蛋白質}
jyun6	jyn22	䏰{(老派)},願{願望},閏{(老派)},衒,縣{縣城},眩,瑗,琄,玹{玉名},炫,潤{(老派)},昡,掾,愿,孕{(老派)},媛{美女},垸
jyut3	jyt3	乙,黦{黃黑色},釔
jyut6	jyt2	刖,閲,閱,鉞,鈅,軏,越,説{同悦字},說{同悅字},茓,粵,穴,玥,爇,樾,月,曰,抈,悦,悅,噦{嘔吐}
kaa1	kʰa55	佧,胩,揢{掐，又作拤/抲字},掐{(語)掐，又作拤/揢/抲字},拤{掐，又作揢/抲字},抲{掐，又作揢/拤字},峠,喀{喀嚓},咖{咖啡},咔{擬聲詞},卡
kaa3	kʰa33	㰤{張口息；大笑},髂,駕{(白)量詞},架{(白)衣架},旮{山旮旯},假{(白)放假}
kaa4	kʰa21	咔{(語)阻塞，～頸，古壯字作拤/咔/𣕧等}
kaai2	kʰai35	楷{楷書},鍇,蒈
kaai3	kʰai33	炌
kaak1	kʰak5	咯{(語)～痰，吐痰，又作喀字},喀{(語)～痰，吐痰，又作咯字}
kaak3	kʰak3	緙
kaam1	kʰam55	勘{(又)}
kaam2	kʰam35	坎{(又)},砍{(又)}
kaam5	kʰam24	檻{門檻}
kaat3	kʰat3	擖{刮；撻}
kaau3	kʰau33	㸆,鮳,靠,銬,犒
kai1	kʰɐi55	傒{(白)同徯/蹊字},鼷{(白)},鸂,騱{(白)},蹊{(白)蹊蹺；蹊徑},谿,稽,磎,溪,嵇{(白)},奚{(白)},剋{(語)打、罵，捱～，官話借詞}
kai2	kʰɐi35	啓,綮{戟支；戟衣},棨,啟
kai3	kʰɐi33	契,蟿,碶,瘛{(又)}
kak1	kʰɐk5	㩿{(訓)㪐～，路不平或說話結巴，本字犖確/犖硞/犖埆/犖嶨/碌硞，與哽/鯁/骾對轉},確{(語)犖[lɐk5]～，路不平或說話結巴，俗作㪐㩿},氪{(白)},揢{(語)卡，與哽/鯁/骾對轉；坎、階},喀{(語)瘦嚜[mɐk5]～，很瘦，與躿對轉},剋{(白)剋扣},刻{(白)},克{(白)攻克，一克}
kam1	kʰɐm55	禁{耐久，耐受},襟,衿,衾
kam2	kʰɐm35	冚{蓋，本字𠖫，與扱/䆟對轉},𢫏{同𠖫字，蓋；同扻字，摑},𠖫{蓋，與扱/䆟對轉，俗字冚},搇{同𠖫字},扻{(白)摑}
kam4	kʰɐm21	噙,黚{(語)黃～～，暗黃色},蠄,蟾{(訓)訓讀蠄，蠄蟝},芩,禽,琴,涔{(又)},檎,梣{(又)},擒,扲{同擒字},岑{(又)}
kam5	kʰɐm24	妗
kan4	kʰɐn21	勤,芹,懃,慬,廑{同勤字}
kan5	kʰɐn24	䐃{(語)禽類的胃（百姓以爲禽的腎），俗作肫/胗字},近{(白)附近},胗{(語)禽類的胃（百姓以爲禽的腎），本字䐃，又作肫字},肫{(語)禽類的胃（百姓以爲禽的腎），本字䐃，又作胗字}
kang1	kʰɐŋ55	硜{(又)},鏗{(白)},躿{(語)瘦蜢[mɐŋ55]～，瘦貌，與喀對轉}
kang2	kʰɐŋ35	哽{(白)骨～在喉，與揢/㩿對轉},鯁{(白)骨～在喉，與揢/㩿對轉},骾{(白)骨～在喉，與揢/㩿對轉},啃{(白)啃爛}
kang3	kʰɐŋ33	劥{(語)菸、酒勁大；恃才傲物；又作掯字},裉,掯{菸、酒勁大；恃才傲物；又作劥字}
kap1	kʰɐp5	㝓{(白)},給{供給},級,笈,熻,汲,歙{同吸字},扱{蓋，本字䆟，與冚/𠖫對轉},岌{(又)},噏{同吸字},吸,伋,䆟{(白)蓋，俗字扱},㴔,㬤
kat1	kʰɐt5	咳,欬
kau1	kʰɐu55	勼{(語)摻雜、混合},芤,瞘,牞{(又)},摳{擡起、端起，～張凳來；挖，～牆壁},彄
kau3	kʰɐu33	䍍,釦{鈕釦},購{(白)},覯{(白)},蔻,筘,灸{(白)},構{(白)},构{(白)},扣{扣住},寇,媾{(白)},叩,佝{佝瞀}
kau4	kʰɐu21	㞗,鼽,銶,釚,釓{同釚字},逑,賕,訄,裘,虯,艽{遠荒},璆,球,犰,求,巰,俅,仇{姓，舊讀統讀[tʃʰɐu21]}
kau5	kʰɐu24	桕,舅,臼
ke1	kʰɛ55	屎{(語)屎，本字屎，曉母轉溪母，俗字𡲢},𡲢{屎，本字屎，曉母轉溪母},茄{(外)茄哩啡，龍套，英語carefree}
ke2	kʰɛ35	茄{(白)茄汁}
ke4	kʰɛ21	伽{伽藍},騎{騎馬},茄{番茄},癿,奇{(語)～離[lɛ21]𧊅，本義蛙，引申指怪狀物或奇裝者}
kek1	kʰɛk5	喀{(語)瘦嚜[mɛk5]～，很瘦，與躿對轉},揢{(語)白讀，樓梯一～一～，樓梯一階一階},屐{(白)}
kek6	kʰɛk2	乪,屐{(文)},劇
kem4	kʰɛm21	箝{(白)},黚{(白)},黔{(白)},鉗{(白)老虎鉗；〈語〉咳～～，不停地咳嗽}
kem5	kʰɛm24	魽{(白)又作鰜字},鰜{(白)～魚，又作魽字}
ken2	kʰɛn35	揵{(語)掐、卡，～頸}
keng2	kʰɛŋ35	躿{(語)瘦蜢[mɛŋ35]～，瘦貌，與喀對轉}
keng4	kʰɛŋ21	擎{(白)靈[lɛŋ21]～，靈驗}
ket1	kʰɛt5	橛{(語)量詞，截}
keu1	kʰɛu55	橇{(白)},蹻{(白)同蹺字},蹺{(白)～腳，～手},翹{(白)～腳；乾～～，乾貌},繑{(白)}
keu2	kʰɛu35	巧{(又)}
keu3	kʰɛu33	撬{(白)亂翻}
keu4	kʰɛu21	翹{(語)～翹[kʰɛu55]，死亡}
ki1	kʰi55	崎{崎嶇},踦{腳跛},觭{角一俯一仰},畸,欹{傾斜},榿{(又)},攲
ki2	kʰi35	婍{(又)}
ki3	kʰi33	亟{亟請}
ki4	kʰi21	䓫,𨙸,麒,鰭,鯕,鬾{小兒鬼},騏,頎,隑{同碕字},錡,軝,跂{足多趾},衹{同祇字；衹衼},蟣{水蛭},蜞,蘄,萁{豆萁},芪,耆,綦,祺,祈,祇{神祇},祁,碕,碁,琪,琦,淇,歧,棋,棊,期{日期},旗,旂,愭,忯{忯忯；敬也},崎{長崎},岐,奇{奇怪},埼,圻{地的邊界},凧{(又)},其{其他},俟{万俟，複姓},伎{伎伎},亓
ki5	kʰi24	企{企業},跂{同企字},徛{站立}
kik1	kʰek5	揢{阻礙、絆，本字棘},𠽤{阻礙、絆，本字棘},隙{(又)},棘{(語)阻礙、絆}
kim4	kʰim21	箝{(文)},黚,黔,鉗{(文)},鉆{同鉗字},鈐
kim5	kʰim24	魽{(文)}
kin1	kʰin55	攐{(語)掀開，又作褰字，或掀字白讀},褰{(語)掀開，又作攐字，或掀字白讀}
kin2	kʰin35	㨴{掀、揭，本字搴，與揭對轉},搴{(語)揭開，俗字㨴，與揭對轉}
kin4	kʰin21	乾{乾坤},虔,揵{掮扛},掮,墘
king1	kʰeŋ55	傾
king2	kʰeŋ35	廎,頃,苘,檾
king4	kʰeŋ21	凝{(語)（豬油等）凝結},黥,鯨,瞏,瓊,璚{同瓊字},煢,澄{(語)澄清（水、液體），又作滰字},滰{(語)澄清（水、液體），又作澄字},檠,擏{同擎/檠字},擎{引擎},嬛{同煢字},勍
kit3	kʰit3	劼,𢷒,黠{(又)狡黠俗作狡詰},頡,鍥,詰{詰問},訐,襭,蠍{(白)蠍子},蝎{(白)同蠍字},羯,纈{採纈},絜{度量},竭{竭力},碣,擷,揭{揭開，與掀/搴對轉},挈,孑
kiu2	kʰiu35	巧{(白)巧妙，啱巧},蹺{蹊蹺}
kiu3	kʰiu33	竅{(白)}
kiu4	kʰiu21	僑,鞽,趫,蕎,翹{銀～，～首},礄,橋,嶠{山尖而高},喬
kiu5	kʰiu24	皛,藠
ko1	kʰɔ55	柯,軻,蝌{(白)},苛,稞{(白)},珂,牁,棵
ko2	kʰɔ35	棵{(又)},顆{(白)}
ko3	kʰɔ33	課{(白)},騍{(白)}
ko4	kʰɔ21	閜{(語)彎曲，古壯字⿵门可，疑本字痀}
koek3	kʰœk3	㖸{㖸（噱）頭，俗作謔頭},覺{(又)感覺，覺得},噱{大笑；噱（㖸）頭，俗作謔頭，曉母轉溪母},卻
koek6	kʰœk2	臄,醵{(又)}
koeng1	kʰœŋ55	僵{(白)凍僵},韁{(白)},蜣,腔{(又)幫腔},羌,繮{(白)},疆{(白)新疆},畺{(白)},殭{(白)殭屍},彊{同疆字}
koeng2	kʰœŋ35	強{(又)勉強，倔強}
koeng4	kʰœŋ21	強{強大},彊{同強字}
koeng5	kʰœŋ24	弶,鏹,襁,膙,羥{氫氧基},繈,滰,彊{同強字},強{勉強，倔強}
koi2	kʰɔi35	凱{(白)},闓{(白)},鎧{(白)},愷{(白)},塏{(白)}
koi3	kʰɔi33	丐,鈣,溉,概,戤,慨,愾,嘅{同慨字}
kok1	kʰɔk5	噱{(語)笑～～}
kok3	kʰɔk3	㸌,𦞦{(白)},霍,钁,郭,觳{瘠薄},覺{(白)感覺，覺得},蠼{母猴},藿,臛,礐,磕{(語)～頭，本字硞},碻,確,确,硞{石聲；堅固；〈語〉～頭，磕頭},砳{(又)},矐,矍,玃,漷,涸,毃{同搉字},槨,榷,曤,攫,攉,擴{(又)},擱{(白)},搉,愨,恪,彍,彉,廓{輪廓},崞,壑,埆,劐,㺢
kong1	kʰɔŋ55	匡{(又)},軭{(又)},誆{(又)},筐{(又)},眶{(又)},洭{(又)},框{(又)},慷{(白)慷慨},哐{(又)}
kong3	kʰɔŋ33	亢{亢奮},閌,鈧,鄺,貺,纊,礦,獷{(又)},爌,炕{火炕},況,曠,擴,抗,夼,壙,伉
kong4	kʰɔŋ21	䗧{(語)螞螂～，螳螂},鵟,誑,狂,扛{扛起}
ku1	kʰu55	㱠{(白)},骷{(白)},箍,枯{(白)},圐
ku4	kʰu21	瓠{(語)瓠蘆，同葫蘆},葫{(又)葫蘆，又作瓠字}
kui3	kʰui33	檜{(又)}
kuk1	kʰʊk5	嗑{(語)～瓜子，本字硞},𪨰,麴{酒麴},麯{同麴字},酷{(又)},蛐,硞{碌硞；〈語〉～瓜子，嗑瓜子},焅{(又)},曲{曲折，歌曲}
kung1	kʰʊŋ55	碽{(語)詞綴，響～～}
kung2	kʰʊŋ35	孔{(又)},恐{(又)}
kung3	kʰʊŋ33	控{(又)}
kung4	kʰʊŋ21	穹,銎,邛,跫,蛩,藭,筇,窮
kwaa1	kʷʰa55	侉,跨,誇{誇獎},胯{(又)},姱,夸{奢侈；夸克},垮
kwaa3	kʷʰa33	挎{挎包},胯
kwaai2	kʷʰai35	拐{(又)拐棍},蒯,柺{(又)},枴{(又)}
kwaai5	kʷʰai24	㨤{撥拉，同擓字},擓{撥拉，又作㨤字}
kwaak3	kʷʰak3	廓{(語)框、圈，與框對轉，俗字𡃈},𡃈{框、圈，與框對轉，本字廓}
kwaang1	kʷʰaŋ55	䆲{(語)䆲䆡，空蕩},軭,誆,筐,眶,洭,框{門框；框住，與𡃈/廓對轉},哐{傾鈴[leŋ55]～啷[laŋ55]，器皿碰撞聲},匡,俇{俇攘}
kwaang2	kʷʰaŋ35	梗{(白)菜梗}
kwaang3	kʷʰaŋ33	摜{(語)扔}
kwai1	kʷʰɐi55	嶲{子嶲},魁{(又)},鬹,闚{同窺字},規,虧,窺,盔,櫆{(又)},巋,巂{子巂}
kwai2	kʷʰɐi35	傀{傀儡},頍,跬,煃
kwai3	kʷʰɐi33	儈,鱠,鄶,膾{膾炙人口},聵,硊{石硊},獪{狡獪},澮,潰,檜{喬木名；秦檜},憒,愧,媿{同愧字},劊{劊子手}
kwai4	kʷʰɐi21	㙓,魁,騤,馗,隗{姓},酅,逵,觿,蠵,蝰,葵,睽,眭{目深惡視},癸{(常)},畦,櫆,暌,攜,戣,奎,夔,喹
kwai5	kʷʰɐi24	揆
kwak1	kʷʰɐk5	搉{(語)斫；劃（火柴）；敲},钁{(語)鐝頭},蠼{(又)},矍{(又)},玃{(又)},毃{(又)},攫{(又)}
kwan1	kʷʰɐn55	囷,鵾{(白)},鯤,髡,錕,鋆{(又)},鈞{(白)千鈞，舊讀},醌,琨,焜,昆{昆蟲，昆明},崑{崑崙山},婫{(白)},堃,坤,均{(白)平均，舊讀}
kwan2	kʷʰɐn35	壼,鯀{(又)},閫,輥{(又)},袞{(又)},緄{(白)緄邊},綑,混{(語)～社會，～到一起},捆,捃,悃
kwan3	kʷʰɐn33	困{困難},窘,睏{(文)}
kwan4	kʷʰɐn21	宭,麇{成羣},裙,群,羣
kwan5	kʷʰɐn24	䐃,菌
kwang1	kʷʰɐŋ55	揈{(又)},轟{(又)}
kwang3	kʷʰɐŋ33	纊{(語)掛着，絆着}
kwe2	kʷʰɛ35	𧊅{(白)小青蛙}
kwe3	kʷʰɛ33	㨤{(白)},擓{(白)}
kwe4	kʷʰɛ21	瘸,蟝{(語)蠄～，蟾蜍，又作瘸字}
kwik1	kʷʰek5	掝{破裂聲},隙,郤,郄
kyu1	kʰy55	㘗,鮈,驅,駒{(白)},軀,跔,袪,胠,祛,痀{(又)},泃{水名},樞{(又)},敺,拘,嶇,區{區域},俱{(又)},佝{同拘字},佉,㭕
kyu4	kʰy21	劬,鼩,鴝,軥{軛下曲者},衢,蠼{蠼螋},蠷,蟝,蘧,蕖,磲,瞿,癯,璩,灈,渠,氍,朐
kyu5	kʰy24	佢{他，本字渠，代詞（你我）調感染，語流中易讀齊齒陰去},𠍲,距,竘,拒,岠{(又)}
kyun4	kʰyn21	婘{美好貌},𢑆,鬈,顴,踡,觠,蜷,權,拳
kyut3	kʰyt3	㵐,鴃,駃{駃騠},闕,闋,钁{(又)},鐍,蹶,譎,訣,觖,蕨,缺,砄,璚{同玦字},玦,獗,炔{乙炔},潏{河流名},決,橛{木橛},撅{翹起},抉,憠,孓,噘,厥,劂
la3	lɐ33	嘞{(語)弱讀，進而變爲[lə33]或[∅ə33]}
laa1	la55	剌{割開},鞡,砬{(又)},喇{喇叭；喇嘛},啦{啦啦隊}
laa2	la35	揦{抓、攬，與擸/拉對轉}
laa3	la33	嘑{語氣詞},𡅈,罅{(訓)縫隙},旯{山旮旯},嚹,嘞{句末語氣詞或表完成}
laa4	la21	啦{(語)走～～，四處奔走；～～臨，迅速}
laai1	lai55	孻{粵字，最後的},拉{拉扯}
laai2	lai35	𦧺{舔}
laai3	lai33	哂{(語)哂的語流音變},賴{(又)～臭，耍賴},癩{癩蛤蟆},嗮{(語)嗮的語流音變}
laai5	lai24	攋{(語)～尿，俗字瀨},瀨{(語)～尿，本字攋}
laai6	lai22	攋{毀壞},賴{依賴；～臭，耍賴},籟,瀨{急流；瀨粉}
laak1	lak5	嘞{(語)～咑[tak5]，不整潔}
laak3	lak3	嘞{裂開}
laak6	lak2	砳,肋{(又)～骨，打赤～}
laam1	lam55	籃{(白)菜籃}
laam2	lam35	擥,𥗽,覽,罱,灠,欖,攬{與拉/擸對轉}
laam4	lam21	婪,襤,藍,籃{花籃，籃球},嵐
laam6	lam22	檻{欄杆；獸檻},艦,纜,濫
laan1	lan55	欄{(白)豬欄},躝{爬行；滾開},蘭{(白)荷蘭豆；〈外〉女友的俗稱，英語friend（法蘭）引申而來}
laan4	lan21	攔,闌,鑭,讕,襴,蘭{蘭花},瀾,欄{圍欄},暕{陰乾},斕
laan5	lan24	嬾,懶
laan6	lan22	爛
laang1	laŋ55	䆡{(語)䆲䆡，空蕩},𦀬{古壯字，毛線，～衫，壯語本義連接，又作唥字},啷{傾鈴[leŋ55]哐[kʷʰaŋ55]～，器皿碰撞聲},唥{擬鈴聲；〈語〉毛線，～衫，又作𦀬字}
laang4	laŋ21	啷{(語)擬聲詞，呯[peŋ21]呤嘭[paŋ21]～}
laang5	laŋ24	冷
laap3	lap3	䁽{掃視，與覽對轉},擸{包攬，與攬對轉，本字拉},拉{(語)包攬，與攬對轉，俗字擸}
laap6	lap2	垃{垃圾，本字擸𢶍},鱲{腌魚},鑞,蠟,蜡{同蠟字},臘,腊{同臘字},擸{折、碾；擸𢶍，又作垃圾/拉颯},搚,拉{拉雜（垃雜），拉颯（垃圾）}
laat3	lat3	喇{哈喇},𤊶{(語)熱},鬎{鬎鬁，同瘌痢},癩{癩痢，同瘌痢},瘌{瘌痢},揦{塗抹}
laat6	lat2	列{(又)睡～～},𤊶,鯻,邋{邋遢，本字蝲蟽},迾{(又)睡～～},辣,蝲,剌{乖剌，剌謬}
laau1	lau55	撈{(白)～籬[li55]；～佬，北方人的俗稱，本字老，老兄的官話音},老{(語)～孃[nɛŋ55]、～哥[kɛ55]，母親、父親的敘稱；～佬，北方人的俗稱，老兄的官話音}
laau2	lau35	摎{(語)～攪[kau22]，胡搞}
laau3	lau33	嫪{(語)淫蕩}
laau4	lau21	撈{(文)打～；～籬[li21]}
lai2	lɐi35	㦒,迣{(語)衝撞},攦{(語)扭轉，睡～頸，落枕，又作捩字},捩{(語)扭轉，睡～頸，落枕，又作攦字},戾{(語)同捩/攦字，睡～頸，落枕}
lai4	lɐi21	㰀,黧,黎,藜,蔾,犂{同犁字},犁,嚟{來，本字來},來{(白)過來，來到，出來}
lai5	lɐi24	劙,鱧,醴,豊,蠡,禮,澧
lai6	lɐi22	䚕,𧢝,𥉆,𣛒,麗,迣{(又)遮攔；超越},蠣,荔,綟{(又)},糲,礪,矋,癘,珕,欐,栃,攦,捩{琵琶撥法},厲{嚴厲},勵,儷,例,丽
lak1	lɐk5	㪐{(訓)～㩿，路不平或說話結巴，本字犖確/犖硞/犖埆/犖嶨/碌硞，與掕對轉},肋{(又)胳～，腋窩},犖{(語)～確[kʰɐk5]，路不平或說話結巴，俗作㪐㩿},嘞{(語)詞綴，跳～～，跳動貌}
lak6	lɐk2	㔹,鰳,肋{～骨，打赤～},簕{植物的刺},玏,泐,朸{(又)},扐,叻{(又)叻埠，石叻},勒,仂{餘數}
lam1	lɐm55	冧{(外)～把，號碼，英語number}
lam3	lɐm33	冧{垮塌，塌陷，倒閉}
lam4	lɐm21	啉{喹啉},霖,臨,箖,痳{同淋字},琳,淋,林
lam5	lɐm24	凜,稟{同廩字},檁,懍,廩,壈
lam6	lɐm22	㨆{堆砌，與笠/拉對轉}
lan1	lɐn55	噒{啃；飽滿；又作㖮/㖥字}
lan2	lɐn35	溣{(語)弄髒，沾上},𡳞
lan3	lɐn33	𠳺{(語)掉落，古壯字吝}
lan4	lɐn21	侖{加侖},麟,鱗,驎,鏻,錀{金},鄰,遴,轔,輪,膦{膦軟},翷,繗,綸{滿腹經綸},粼,磷,瞵,璘,燐,潾,淪,掄,嶙,崙{崑崙山},埨,圇,倫
lan5	lɐn24	𣵰{古壯字，溢出}
lan6	lɐn22	吝,𠳺{同吝字},躪,論{議論；論語；〈語〉～盡，麻煩},藺,膦{有機化合物的一類},溣
lang1	lɐŋ55	㘄,踜{(語)跳～～，跳貌；半～掯[kʰɐŋ55]，做事做一半},䉕{(語)古壯字，篩，～箕，籮篩，或爲掕變調}
lang4	lɐŋ21	塄,鬅{(語)～鬙[ɬɐŋ55]，不整潔；詞綴，發氣～～},楞,掕{(語)攔截，與㪐/勒對轉},愣
lang5	lɐŋ24	棱{(語)鞭痕},稜{(語)鞭痕}
lang6	lɐŋ22	唥{冚𠾴（唪、巴）～，全部}
lap1	lɐp5	拉{(語)套，～衫；哄，～人；俗字笠},笠{(白)斗笠；〈語〉套，～衫；哄，～人；本字拉},泣{(又)}
lap6	lɐp2	砬,鉝,笠{(文)},立
lat1	lɐt5	甩{(訓)脫落，訓讀㪐}
lat6	lɐt2	㖀,葎,聿{(又)},篥,硉,率{效率},溧,栗,慄,律,垏,凓,傈,㪐{不穩，本讀}
lau1	lɐu55	摟{邀請；挑逗；搜刮；披；（蒼蠅等）趴},𧳽{(語)馬騮/獁𧳽，猴子},騮{(語)馬騮/獁𧳽，猴子},褸{大衣；披},蔞{(白)假蔞},蒟{(訓)假蒟，即假蔞},瞜
lau2	lɐu35	摟{摟抱}
lau3	lɐu33	漏{(語)撿漏、在農地翻找，～花生、～番薯；遺漏物}
lau4	lɐu21	僂{佝僂},𧳽,鶹,髏{(文)},騮{驊騮},餾,飀,鏐,鎦{鎦金},鎏,遛{逗遛},螻,蔞,膢,耬,窶{甌窶},硫,瞜{(又)},瘤,疁,留,瑬,琉,瀏,漻{變化貌},漊{水名，漊水},流,樓,榴,旒,摎{姓},婁,嘍,劉,剅
lau5	lɐu24	塿,鋶,罶,縷{(又)},綹,簍,珋,熮{火貌},漊{水溝},柳,嶁
lau6	lɐu22	溜{急溜，順口溜},鷚,陋,鏤,鎦{鎦子},遛{遛彎},瘻,瘺,熘,漏{～雨}
le1	lɛ55	咧{大大～～；唓～，話多、愛表現，本字啁嘐（嘐啁）},哩{助詞；〈外〉茄哩啡，龍套，英語carefree}
le3	lɛ33	罅{(白)}
le4	lɛ21	咧{(語)語氣詞；𠯔斜～，嘆詞，呸},離{(語)～氣[hɛ33]，不修邊幅；奇[kʰɛ21]～𧊅，本義蛙，引申指怪狀物或奇裝者},籬{(語)〈名〉漁網；〈動〉～魚，網魚；古壯字𦀎},篱{(語)〈名〉漁網；〈動〉～魚，網魚；古壯字𦀎},离{(語)離氣[hɛ33]，不修邊幅},哩{(語)語氣詞；𠯔斜～，嘆詞，呸}
le5	lɛ24	褦{(習)褦襶；褦㹃[fɛ35]，同褦襶}
lek1	lɛk5	叻{能幹，與靈/靚對轉，一說本字𥌮/𦘊/㔹},𦘊{(語)能幹，與靈/靚對轉，俗字叻},𥌮{(語)能幹，與靈/靚對轉，俗字叻}
lek6	lɛk2	壢{(白)},癧{(白)淋巴結}
lem1	lɛm55	熑{(語)以火邊緣烤，又作燫字，或源自火鐮},燫{(語)以火邊緣烤，又作熑字，或源自火鐮}
lem2	lɛm35	舐{(語)舔},舔{(語)又作舐字}
len3	lɛn33	𧐖{(又)打滾}
leng1	lɛŋ55	僆{(又)～崽},鈴{(語)搖鈴聲},笭{(又)～崽}
leng3	lɛŋ33	靚{(訓)漂亮，與叻對轉，本字令}
leng4	lɛŋ21	零{(白)千零文，十零隻},鯪{(白)鯪魚},靈{(白)～擎[kʰɛŋ21]，靈驗}
leng5	lɛŋ24	岭{(白)同嶺字},領{(白)衫領，衣領},嶺{(白)}
leng6	lɛŋ22	炩{(語)攝～，閃電，與閃靂對轉}
lep3	lɛp3	笠{(語)穀～，穀殼，古壯字⿰谷列，疑本字笠}
let3	lɛt3	纈{(語)結子，紇繨}
let6	lɛt2	列{(白)量詞，排，又作迾字},迾{(白)量詞，排，又作列字}
leu1	lɛu55	嫽{(白)挑逗},鷯{(白)},撩{(白)撩耳朵；撩起},撈{(白)探取},寥{(白)空～～，空蕩蕩}
leu2	lɛu35	繚{(白)繞，捲起}
leu3	lɛu33	嫪{(語)淫蕩},熮{(語)枯萎、蔫}
leu4	lɛu21	撈{(白)攪拌},獠{(白)獠牙}
li1	li55	剺{(語)撕，或作劙字},鬁{(語)鬎鬁，同瘌痢},釐{(白)一～子，一分錢},籬{(白)撈[lau55]～},篱{(白)撈[lau55]～},痢{(語)瘌痢，頭癬，又作鬎鬁/癩痢},璃{玻璃},喱{咖喱},唎{(又)},哩{哩哩啦啦；唦[ʃa21]～躘[lʊŋ21]蹱[tʃʰʊŋ33]，莽撞},厘{(白)一～子，一分錢}
li4	li21	剺,鸝,鱺,驪,離{離開},釐{釐定},醨,貍,蜊,蘺,罹,縭,籬{籬笆},篱{同籬字},离{同離字},璃{琉璃},狸,犛,灕{灕江},漦,漓{淋漓盡致},梩,梨,杝{同籬字},嫠,喱{(外)格令，英語grain},厘{厘米},劙{(又)}
li5	li24	俚,𢃇,鯉,鋰,里{里程},邐,裡{裡面},裏{裏面},理,浬,李,悝{憂傷},峛,娌,哩{英里}
li6	li22	俐,鬁,詈,蒞,莉,脷{舌頭，本字利，避諱折},痢,猁,浰{(又)},唎,吏,厲{(語)厲害，本字利害},利
lik1	lek5	力{(外)朱古力，英語chocolate},叻{叻埠，石叻}
lik6	lek2	㠣,𦘊,𥌮,鬲{古代炊具},靂,鎘{同鬲字},酈{姓},轢,躒{跳躍},藶,秝,礫,癧{(文)},瓅,瀝,濼{蕨科植物},歷{歷史},櫪,櫟{木名},朸,曆{日曆},壢,嚦,厤,力{力量},仂{同力字}
lim1	lim55	㖭{(語)句末虛詞},𠻹{(語)句末虛詞}
lim4	lim21	奩,鬑,鐮,鎌,蠊,薕,臁,聯{(又)},簾{窗簾},磏{礪石},燫,熑,濂,廉,帘{酒帘}
lim5	lim24	䭑,襝,蘞{白蘞、赤蘞},薟{白薟},臉,殮{裝殮},斂{收斂}
lim6	lim22	瀲
lin1	lin55	楝{(又)}
lin2	lin35	鍊{同鏈字},鏈{(白)項鏈，手鏈，鐵鏈}
lin3	lin33	𧐖{(語)打滾}
lin4	lin21	怜,𧐖{蜷𧐖},鰱,連,褳,蓮,聯{(又)},璉{同連字},漣,槤,憐
lin5	lin24	僆,鄻,輦{(書)},璉{瑚璉},攆{(書)},摙{擔；運}
lin6	lin22	摙{按},𧐖{赤𧐖},鰊,鏈{(文)},鍊{同煉/鏈字},練,瑓,煉,浰,楝
ling1	leŋ55	伶{(白)孤伶伶、孤伶清，又作孤零零、孤零清},靈{(白)精～，聰明},零{(白)孤零零、孤零清，又作孤伶伶、孤伶清},鈴{(語)～啷，搖鈴聲；～啷佬，貨郎；車～，單車鋼圈},笭{(白)年輕幼稚的，～崽，俗字僆},拎{(書)},僆{(語)年輕幼稚的，～崽，本字笭}
ling3	leŋ33	坽{(語)坡道；傾斜、陡}
ling4	leŋ21	〇,齡,鴒,鯪{(文)},靈{靈活},零{零分，零頭},陵,鈴{鈴鐺},醽,酃,踜{跌倒},蛉,蔆,菱,苓,舲,聆,翎,羚,綾,笭{笭箵},稜,祾,睖,瓴,玲,爧,澪,淩{同凌字},泠,欞,櫺,楞{(又)},棱,柃,昤,掕,愣{(又)},崚,岭{岭巆},姈,塄{(又)},堎,坽,囹,呤,凌,伶{伶俐},㥄
ling5	leŋ24	岭{(文)},領{領取，領導},嶺{(文)}
ling6	leŋ22	令,踜{踜蹬},炩,另
lip1	lip5	𨋢
lip6	lip2	擸{理鬚髮},鱲{鱲魚，又稱桃花魚},鬣,躐,獵
lit3	lit3	纈{(又)}
lit6	lit2	冽,鴷,迾{遮迾},迣{同迾字},趔,裂,綟,烈,洌,捩{轉捩點},挒,咧{～嘴},劣{(又)},列{排列}
liu1	liu55	撂{放下},鷯,熘{(又)},溜{溜走，溜冰}
liu2	liu35	料{(白)材料}
liu4	liu21	僚,𩯊{細長},髎,镽{細長},鐐,遼,蹽,聊,繚,簝,瞭{瞭望},療,獠{獠牙},燎{燎原；火燎，已統讀},潦{潦草},漻{水清貌},橑{(又)},敹,撩{撩動},憭{憭慄},寮,寥{寂寥},嫽,嘹
liu5	liu24	了,镽{長貌},釕{金屬元素，符號Ru},蓼{水蓼},瞭{瞭解},憭{聰慧}
liu6	liu22	尥,𪤗,釕{釕銱兒},炓,料{預料},廖
lo1	lɔ55	咯{助詞},𦣇,螺{(白)陀～，轉～～，捹～～},籮{(白)一～炭；百～，小孩滿百日},囖,囉{囉嗦}
lo2	lɔ35	㱻,裸,蠃{蜾蠃},蓏,臝,瘰,攞{拿、取；〈語〉助詞，動詞後表動作方式，着，弱讀讀同左},倮
lo3	lɔ33	囉{助詞},𤓓,摞
lo4	lɔ21	囉{嘍囉},騾,鑼,邏,蠃{同螺字},螺{田～，～旋},蘿,腡,羅,籮{～頭，籮筐},玀,欏
lo6	lɔ22	㱻{(又)},漯{漯河市}
loe1	lœ55	𦧲{吐}
loe2	lœ35	𦧲{揩擦}
loek3	lœk3	掠{(又)},略{(又)}
loek6	lœk2	䂮,略,撂{掠取，本字㨼},掠,圙
loeng2	lœŋ35	兩{斤兩，二兩},輛,啢
loeng4	lœŋ21	俍,量{測量},輬,踉{跳踉},莨{薯莨},良,綡,糧,粱,粮,簗,涼{冰涼},樑{房樑},椋,梁{梁山},墚
loeng5	lœŋ24	䓣,魎,裲,兩{兩個},倆
loeng6	lœŋ22	亮,量{數量},踉{踉蹡},諒,惊{同悢字},悢{惆悵},哴{唴哴},倞{求；索取}
loi4	lɔi21	來{未來，來回，來信},錸,萊,淶,棶,徠{招徠},崍,倈{同來字}
loi6	lɔi22	倈{同勑/徠字},賚,誺{誤},睞,徠{勞徠},唻
lok3	lɔk3	咯{咯血},駱,餎{餄餎},雒,鉻{剃髮},酪{奶酪},絡,珞,犖,烙,洛
lok6	lɔk2	樂{快樂},躒{卓躒},落{～雨，下雨},硌{山上大石},濼{濼水}
long1	lɔŋ55	啷{噹啷}
long2	lɔŋ35	盪{(語)漱、涮洗，俗字𠺘/𠻴},𠻴{～口，漱口，本字盪},𠺘{漱、涮洗，本字盪}
long3	lɔŋ33	𢲲{架～，架子、形體}
long4	lɔŋ21	䆡,鎯,鋃,郎,螂,蜋{同螂字},筤,稂,硠,瑯,琅{琳琅，琅琊},狼,榔,桹,廊,哴{哴吭}
long5	lɔŋ24	㙟{江、湖邊的地窪地},閬,誏{同朗字},蓢,烺,朗,悢{懭悢},崀,塱{同㙟字},埌{地名，埌東、埌西，與㙟/塱同源},㮾
long6	lɔŋ22	㫰{晾},𧚅,誏{戲言},蒗,莨{莨菪},浪,晾{曬，本字㫰},埌{墳墓}
lot6	lɔt2	㖀{(語)走～～，魚貫而行}
lu1	lu55	嚕{嚕囌；遠指代詞，那，疑本字爾或若},黸{鑊～，鍋底灰},髏{(白)},撈{(白)攪拌；～世界，闖江湖}
lu2	lu35	佬{俗稱成年男性，本字獠}
lu4	lu21	勞{勞動；慰勞，已統讀},𡑍,鸕,鱸,驢{(又)},顱,鑪,鐒,醪,轤{轆轤},蟧,蘆,艫,臚,纑,盧,癆,牢,爐,瀘,澇{(又)旱澇},櫨,廬,嶗,壚,嘮
lu5	lu24	姥{姥姥},鹵{鹵素},魯,鑥,銠,蛯,虜,荖,老{～人},獠{蠻族},瀂,潦{潦水},滷{滷水，滷蛋},氌,櫓,橑,栳,擼,擄
lu6	lu22	嫪,鷺,露,酪{酒類},輅,路,賂,蕗,耮,璐,澇{旱澇},潞
lui1	lui55	壘{(語)一～堆，一大堆，本字纍贅},𨀤{鑽入；栽倒},𧒽,擂{(白)打}
lui4	lui21	嫘,靁,雷,鐳,羸,罍,纍{果實纍纍},縲,累{果實累累},檑,擂{擂臺}
lui5	lui24	儡,藟,蕾,絫,累{積累},礧{大石貌},磊,癗,漯{同㶟/灅字},壘{堡壘},儽
lui6	lui22	唳,類,酹,誄,耒,累{勞累，連累},礧{同礌字},礌,淚,戾{暴戾，乖戾}
luk1	lʊk5	摝{(又)},麓,轆{軲轆；〈語〉滾},簏,碌,睩{(語)瞪},熝{(語)燙}
luk6	lʊk2	㟤{山谷；地名},鹿,騄,陸,錄,醁,逯,趢,谷{谷蠡王},蓼{長大貌},落{(又)～來，下來，語流音變},菉,綠,籙,稑,祿,睩,甪,琭,熝{提煉},漉,淥,氯,樚,摝,戮,彔,坴,勠,六,僇
lung1	lʊŋ55	窿,𢙱{(語)～路，迷路，古壯字⿰弄迷，差錯}
lung2	lʊŋ35	攏{(又)}
lung3	lʊŋ33	躘{(語)～蹱[tʃʰʊŋ33]，踉蹌}
lung4	lʊŋ21	嚨,𡃡{大聲},龍,隆,躘{唦[ʃa21]哩[li55]～蹱[tʃʰʊŋ33]，莽撞},蘢,聾,籠{蒸籠，燈籠},竜,礱,矓,癃,瓏,瀧{急流的水},漋,櫳,朧,曨
lung5	lʊŋ24	儱,隴,籠{籠統，箱籠},篢{箱籠，又作籠/槓字},槓{衣箱，又作籠/篢字},攏,壠{同壟字},壟
lung6	lʊŋ22	哢,𢙱,衖{里衖，又作里弄},弄{里弄}
lyu4	ly21	膢{(又)},驢,閭
lyu5	ly24	侶,麿,鋁,褸{襤褸},膂,縷,穭,稆,漊{小雨不絕貌},櫚,梠,旅,履,屢,呂,僂{彎曲；迅速}
lyu6	ly22	慮,濾
lyun1	lyn55	攣{(語)鑽入；頭髮捲曲}
lyun2	lyn35	卵,戀
lyun4	lyn21	侖{(老派)},𢺈{聚；擇},麟{(老派)},鸞,鱗{(老派)},驎{(老派)},鑾,鏻{(老派)},錀{(老派)},鄰{(老派)},遴{(老派)},轔{(老派)},輪{(老派)},膦{(老派)},聯{聯繫，聯合；〈語〉縫製},翷{(老派)},繗{(老派)},綸{(老派)},粼{(老派)},磷{(老派)},瞵{(老派)},璘{(老派)},燐{(老派)},灤,灓,潾{(老派)},淪{(老派)},欒,攣{痙攣},掄{(老派)},巒,嶙{(老派)},崙{(老派)},孿,埨{(老派)},圞{團圞，同圝字},圝{團圝，俗字圞},圇{(老派)},倫{(老派)}
lyun5	lyn24	孌,臠,脟{同臠字}
lyun6	lyn22	乱,𠳺{(老派)},躪{(老派)},論{(老派)},藺{(老派)},膦{(老派)},溣{(老派)},吝{(老派)},亂
lyut1	lyt5	捋{(語)滑落；滑～～，滑溜溜，又作䟹字}
lyut3	lyt3	捋{(又)}
lyut6	lyt2	傈{(老派)},鋝,酹{(又)},葎{(老派)},脟{肋肉},聿{(又)},篥{(老派)},率{(老派)效率},溧{(老派)},栗{(老派)},捋{捋袖},挘,慄{(老派)},律{(老派)},埒,劣,凓{(老派)}
m2	m̩35	呣{表疑問}
m4	m̩21	唔{否定詞，本字毋/無},毋{(語)否定詞，俗字唔}
m6	m̩22	呣{表答應}
maa1	ma55	么{同嗎字},麻{(語)黑～～，黑漆漆},馬{(語)馬騮/獁𧳽，猴子},蟆{(語)蟆𧊅，青蛙，又作螞𧊅/蟆蟈},螞{～螂，蜻蜓；～𧊅，青蛙，又作蟆蟈},獁{(語)馬騮/獁𧳽，猴子},巴{(語)～望[mʊŋ35]，原讀的逆同化；攀扶},孖{(訓)孿生，連帶},嬤,媽,嚜{助詞},嘛{唵嘛呢叭咪吽},嗎{疑問助詞}
maa2	ma35	嗎{(語)句末疑問詞，又作嘛字},嘛{(語)句末疑問詞，又作嗎字}
maa3	ma33	嘛{助詞}
maa4	ma21	嘛{喇嘛；助詞},麻{黃麻；麻瘋，又作痲瘋},蟆{蛤蟆，又作蝦蟆},痳{同痲字},痲{痲瘋},嫲{粵字，祖母，同源字嬤，本地用奶}
maa5	ma24	嗎{嗎啡},馬{騎馬},螞{～蟻；～螂䗧，螳螂},碼,瑪,獁{猛獁},榪{榪槎}
maa6	ma22	榪{牀頭橫木},駡,螞{～蚱},罵,禡
maai1	mai55	瓢{(訓)光～，禿子，古壯字⿰罢瓜，水瓢}
maai4	mai21	埋,霾
maai5	mai24	蕒,買
maai6	mai22	勱,邁,賣
maak1	mak5	𢫦{(語)砍、鋤，～一刀}
maak3	mak3	掰{(語)訓讀擘},擘{掰；乾～～，乾貌；與掹/繃對轉}
maan1	man55	慢{(語)慢～},𢺳{扳、扣，本字扳；攀、扶，本字攀},攀{(白)攀爬；扶},摱,扳{(白)扳倒，扳回；攀、扶}
maan2	man35	慢{(語)慢～}
maan4	man21	蠻,鬘,饅,頑{(訓)～皮、～固，訓讀蠻},謾{欺騙}
maan5	man24	晚
maan6	man22	㵘,鰻,饅{(又)},鏝,謾{謾罵},蔓,蔄,萬,縵,熳,澫,漫,曼,慢{慢車，快慢},幔,嫚,墁,卍,万{同萬字}
maang4	maŋ21	盲,鄳
maang5	maŋ24	䁅,黽{蛙屬},錳,蟒{(白)},蜢{蚱蜢},莽{(白)},艋,猛,勐
maang6	maŋ22	孟
maat3	mat3	㩢{拭也，俗字抹},鞨{鞨巾},抹{抹布、抹乾，本字㩢}
maat6	mat2	襪{(又)}
maau1	mau55	䅦{虛鬆不實，又作泡字},貓{(文)},泡{(白)虛鬆不實，本字䅦}
maau4	mau21	矛,錨{(又)},蟊,蝥,茅{(文)茅根}
maau5	mau24	卯,鉚,茆,牡,泖,昴,峁
maau6	mau22	冒{(又)感冒，白讀},貌,皃
mai1	mɐi55	㓟{(白)削，本字𠜱，又作劘字},𠜱{(白)削，俗字㓟/劘},米{(語)一百米},咪{麥克風},劘{(語)削，本字𠜱，又作㓟字}
mai4	mɐi21	蒾,醚{(書)},迷{(書)},謎{(書)}
mai5	mɐi24	媄{(又)},鎂{(又)},脒,美{(又)新讀},米{米粉},瞇{塵物入眼},眯{塵物入眼},渼{(又)},洣
mai6	mɐi22	咪{(語)否定詞，冇係的合音},袂
mak1	mɐk5	嘜{(外)罐頭盒，英語mug；商標，英語mark},嚜{同嘜字；〈語〉瘦～喀[kʰɐk5]，很瘦，與蜢對轉}
mak6	mɐk2	䥑,𦢓,默,麥,驀,陌,貘,貊,貉{同貊字},覛{察看},脉,脈,纆,癦,墨,嚜{同默字},嘿{同默字},冒{冒頓},万{万俟，複姓}
mam1	mɐm55	𩜠{食～～，吃飯，童語，唵唵的順同化}
man1	mɐn55	伩{細～崽，小孩子，一說本字民/氓，另一說本字蚊},蚊,燜{(語)同炆字},炆{燒、燉},文{(語)一～銀，一元錢}
man2	mɐn35	問{(白)尋訪，～人},抿{(語)擦拭，又作抆字},抆{(語)擦拭，又作抿字}
man3	mɐn33	呇{(語)泉水，又作汶/𣴞字；地名},璺{(語)～峻[ɬɐn33]，邊緣；勉強},汶{(語)泉水，又作呇/𣴞字}
man4	mɐn21	岷,馼,雯,闅,閿,苠,芠,聞,緡,紋,碈,甿{同氓字；田民},瑉,琝,珉,玟,氓{百姓},民,旻,文{文化},忞
man5	mɐn24	刎,黽{黽池},鰵,閩,閔,鈍{(訓)鈍，刀～、針～},紊{(又)},笢,皿{(常)},澠{澠池縣，在河南},湣,泯,暋,敏,抿{抿酒},抆,憫,愍,呡,吻
man6	mɐn22	問{問題},紊,璺{裂痕},汶{汶川}
mang1	mɐŋ55	掹{拉、扯，與擘對轉},𠵼,蜢{(語)瘦～躿[kʰɐŋ55]，瘦貌，與嚜對轉},繃{(語)癒合；繃緊，與擘對轉},綳{(又)},絣{(又)},擝{同掹字，拉、扯，與擘對轉}
mang2	mɐŋ35	䁅{(語)～𤿆[tʃɐŋ35]，同𤷪𤺧},𤷪{～𤺧，暴躁},䒐
mang3	mɐŋ33	掹{乾～～，乾貌，與擘對轉},擝{同掹字，乾～～，乾貌，與擘對轉}
mang4	mɐŋ21	㬟{(語)未曾的合音，本地方言字⿰未曾},萌,盟,甍,朆{(語)未曾的合音，本地方言字⿰未曾}
map1	mɐp5	凹{(訓)～落去，凹進去}
map6	mɐp2	㨥{(訓)用石擲、用棍打，古壯字⿱打末}
mat1	mɐt5	乜{什麼，本字物，本地不單用，後必接嘢成句，合音作咩},黴{(語)發～，疑本字沫/歿},霉{(語)發～，疑本字沫/歿},沫{(語)發～，發黴，又作歿字},歿{(語)發～，發黴，又作沫字}
mat6	mɐt2	勿,謐,襪,蜜,蔤,芴{蒠菜},物,沕,日{(語)今日，前字順同化},密,宓{安靜},嘧
mau1	mɐu55	痞{(語)地痞，又作踎字},踎{蹲}
mau4	mɐu21	侔,鍪,謀,蛑,繆{綢繆},眸,牟,毪,哞,呣{同謀字；象聲詞}
mau5	mɐu24	冇{(又)多用於句末，郊區多讀},畝,牡{(又)},某,厶{同某字}
mau6	mɐu22	懋,貿,謬,袤,茂,繆{同謬字},瞀,楙
me1	mɛ55	㜷{(白)母，屌那（你阿）～，詈語},𧋦{(語)塘～，蜻蜒，本字或爲蠅，讀偏旁黽},羋{羊叫聲},孭{背，動詞},孖{(白)～指，六指},哶,咩{羊叫聲；什麼，乜嘢的合音；本地咩不作句末語氣詞，而是用啊},乜{斜視}
me2	mɛ35	乜{歪},歪{(語)本字乜，另一說本字佊}
me4	mɛ21	乜{(語)～斜[ɬɛ21]，醉態},瀰{(語)～瀰[mɛ35]，乳房；～水，乳汁；又作彌字},彌{(語)～彌[mɛ35]，乳房；～水，乳汁；又作瀰字}
mek1	mɛk5	嚜{(語)瘦～喀[kʰɛk5]，很瘦，與蜢對轉}
men1	mɛn55	翻{(白)～開，～書}
men2	mɛn35	抆{(語)擦拭，又作抿字},抿{(語)稍稍合攏，～嘴}
men3	mɛn33	璺{(語)～峻[ɬɛn33]，邊緣；勉強}
meng2	mɛŋ35	蜢{(語)瘦～躿[kʰɛŋ35]，瘦貌，與嚜對轉}
meng4	mɛŋ21	名{(白)名字}
meng6	mɛŋ22	命{(白)救命}
met1	mɛt5	屘{(語)～名，最後一名；～～屎，倒數第一，童語}
met6	mɛt2	篾{(白)}
meu1	mɛu55	喵{(白)},貓{(白)}
meu2	mɛu35	𠴕{(白)～示，愛哭}
meu4	mɛu21	矛{(白)},茅{(白)茅屋}
mi1	mi55	咪{貓咪；唵嘛呢叭咪吽},𧋦,瞇{瞇眼；笑瞇瞇},睸{閉目},眯{眯眼；笑眯眯},溦{(白)溦溦雨},渳{(語)小口喝},彌{(白)阿彌陀佛},屘{末尾的，最小的，本字尾},尾{(白)最～，後～，俗字屘}
mi2	mi35	味{(白)臘味，一味}
mi3	mi33	沕{(語)潷；沕水，潛水}
mi4	mi21	㜷,𥮜,黴{(又)},麋,鶥,靡{奢靡，靡爛},霉{(又)},鎇,醾,醚{(習)},郿,迷{(習)},謎{(習)},蘼,薇,蒾{(又)},縻,糜,眉,瑂,獼,瀰{瀰漫},濔,溦{小雨},湄,楣,微{細微，微波爐，稍微（口語用稍爲[wɐi21]）},彌{彌補},嵋,冞,䉲
mi5	mi24	亹{亹亹},靡{披靡，靡靡之音},鎂,艉,美{美麗，舊讀},羋{姓},渼,渳,敉,弭,尾{尾巴},媄,娓
mi6	mi22	味{味道，味精},魅,菋,未,昧{(又)},寐,媚
mik1	mek5	掰{(又)訓讀擘},擘{(又)用指甲掐}
mik6	mek2	冪,覛{同覓字},覓,蓂{菥蓂},糸{細絲},汨
min1	min55	麪{(白)薯類很粉，形容詞},麵{(白)同麪字，薯類很粉，形容詞}
min2	min35	面{(白)畀面，場面，裏面，外面}
min4	min21	杣{(又)},綿,眠,棉
min5	min24	丏,黽{(又)黽池},鮸,靦{靦腆},緬,眄,澠{(又)澠池縣},湎,沔,愐,娩,勔,勉,冕,免,偭
min6	min22	面{面對，面積},麵{同麪字，麵條，麵粉},麪{麪條，麪粉}
ming4	meŋ21	冥,鳴,銘,螟,蓂{蓂莢},瞑,溟,洺,暝,明,名{(文)莫名}
ming5	meŋ24	皿,酩,茗
ming6	meŋ22	命{命令}
mit1	mit5	搣{撕，掰}
mit6	mit2	滅,衊{誣衊},蠛,蔑{輕蔑},篾{(文)}
miu1	miu55	喵,瞄{(白)瞄一眼}
miu2	miu35	𠴕{抿嘴；嘴～～，撇嘴表示輕蔑}
miu4	miu21	描,鶓,苗,瞄{瞄準}
miu5	miu24	杪,邈{同藐字},藐,緲,窈,秒,眇,渺,淼,杳
miu6	miu22	妙,繆{姓},玅{同妙字},廟,庿,庙
mo1	mɔ55	么{同麼字},麽{同麼字，什麽；幺麼小醜},麼{什麼},魔,饃{泡饃，又作饝/𩞁字},糢,無{(語)南無（喃嘸）佬，道士和尚},模,摹{摹仿，又作模仿},摸{撫摸},摩,嬤{(又)},嚤{咪咪嚤嚤，動作慢，一說本字靡（即摩或磨）},嘸{(語)喃嘸（南無）佬，道士和尚},仫{(習)仫佬族}
mo2	mɔ35	麼{(語)句末疑問詞},麽{(語)同麼字，句末疑問詞}
mo4	mɔ21	劘,麿{(又)},饃{(又)},蘑,藦,膜{膜拜},磨{(動)磨刀},摹{臨摹，摹本}
mo6	mɔ22	磨{(名)石磨},耱
mok1	mɔk5	𢷕{敲打；～～，木魚，罐頭盒}
mok3	mɔk3	摸{約摸，又作約莫，前字調感染},莫{(語)約莫，又作約摸，前字調感染},膜{(白)薄膜}
mok6	mɔk2	寞,鏌,鄚,邈{遠；渺},莫{莫非},膜{薄膜},瘼,漠,幕
mong1	mɔŋ55	杧,芒{芒（杧）果，麥芒},牤
mong4	mɔŋ21	亡,邙,虻,茫,芒{芒種},硭,甿{曠野},牻,牤{(又)},氓{流氓},忙,尨{長毛狗},厖
mong5	mɔŋ24	壾,魍,輞,蟒{(文)},莽{(文)},茻{草叢},罔,网,網,漭,惘
mong6	mɔŋ22	妄,望{希望，望見},忘{忘記}
mu1	mu55	巫,髦{(又)},誣,毛{(語)發～，發黴}
mu2	mu35	母{(白)妗母（姨媽），阿母（姨媽）}
mu4	mu21	嫫,鵐,髦,謨,蕪,無,氂{氂牛},毛{毛筆},毋{毋庸置疑},旄{幢；旄牛}
mu5	mu24	侮,𧿹,鵡,鉧,茻{宿草},舞,碔,珷,潕,母{母親},武,拇,憮,廡,嫵,姥{老婦人},姆,嘸{沒有},冇{不、別，無有的合音，多用於句中，語流中易讀陰去}
mu6	mu22	冒{感冒},鶩,騖,霧,芼,耄,眊,瑁,暮,旄{同耄字},戊,慕,帽,婺,墓,募,務
mui1	mui55	妹{(白)妹崽},枚{(又)}
mui2	mui35	妹{(白)細妹}
mui4	mui21	媒,黴,霉,酶,莓,脢,玫,煤,梅,栂,枚
mui5	mui24	每,浼
mui6	mui22	妹{姊妹},痗,瑁{(又)玳瑁},沬,昧
muk1	mʊk5	摸{(語)掏，～荷包}
muk6	mʊk2	仫{(書)},鉬,苜,穆,睦,目,牧,沐,木,凩
mun4	mun21	亹{亹源},顢,鞔,門,鍆,蹣{(又)},瞞,璊,捫,們
mun5	mun24	滿,蟎
mun6	mun22	悶,燜,懣
mung1	mʊŋ55	檬,𡁏{(語)（薯類）膨鬆粉麪},蒙{(白)遮蓋}
mung2	mʊŋ35	懞{同懵字},檬{(又)},望{(語)巴[ma55]～，原讀的逆同化},懵
mung4	mʊŋ21	㠓,𡁏{言不明},鸏,蠓,蒙{蒙蔽},艨,礞,矇{目不明},瞢,獴,濛{細雨貌},朦,曚,懞{同蒙字，遮蓋},幪,尨{尨茸}
mung6	mʊŋ22	夢
mut3	mut3	抹{抹殺、塗抹},秣
mut6	mut2	妺,𩑦,靺,茉,沫,沒{沉沒，沒有},歿,末
naa1	na55	痆{(語)傷疤、補丁，又作𤶸/𤸻字},𪐀{(文)𪐀褦，牽扯，又作𠸎字},𤸻{補丁，或源自補衲；傷疤，疑本字痆；又作𤶸字},𤶸{補丁，或源自補衲；傷疤，疑本字痆；又作𤸻字},𠸎{𠸎褦，牽扯，又作𪐀字}
naa2	na35	乸{母，雌}
naa4	na21	哪{哪吒},鎿,挐{同拏字},拿,拏,娜{人名},嗱
naa5	na24	哪{哪些，哪怕},𦰡,那
naai1	nai55	奶{(白)阿奶，祖母}
naai3	nai33	𠮨{連帶，～球射門，與褦對轉}
naai5	nai24	乃,鼐,迺,艿{芋艿},氖,嬭,妳{同嬭/奶字},奶{牛奶}
naai6	nai22	褦{(書)}
naak3	nak3	𪐌{(又)粈[niu55]～～，很黏糊}
naam1	nam55	南{(語)南無（喃嘸）佬，道士和尚},喃{(白)喃經；嘮叨；喃嘸（南無）佬，道士和尚}
naam3	nam33	揇{(語)拃；測長度；疑本字抩/𢪈},𨂾{跨，或許由揇引申而來}
naam4	nam21	南,遖,蝻,蚺{～蛇，蟒蛇},萳{草名},男,楠,抩,囡,囝{同囡字},喃{(文)呢喃}
naam5	nam24	揇{搦，與㘝對轉},萳{草長弱貌},腩{腹部肥肉}
naam6	nam22	婻{(又)}
naan3	nan33	𢺋{絎，粗縫},𧕴{蚊蟲叮咬起的包}
naan4	nan21	難{難易}
naan5	nan24	赧
naan6	nan22	難{患難}
naang1	naŋ55	鬤{(語)鬞～，窩囊，不整潔}
naang3	naŋ33	儾{(語)吊～～，吊貌}
naap3	nap3	㘝{(語)搛，與揇對轉}
naap6	nap2	㘝,鈉,衲,納,吶{吶喊，嗩吶},䪏,㨥
naat3	nat3	捺{(常)撇捺，前字調感染},焫{灼，燙}
naat6	nat2	捺,痆
naau1	nau55	孬
naau4	nau21	呶,鐃,錨{拋錨，讀同鐃},蟯{(又)},硇,猱,橈{曲折，曲木},撓{百折不撓},峱
naau6	nau22	淖{泥淖},鬧,臑{牲畜前肢}
nai4	nɐi21	伲{(又)},泥{泥土},尼{(又)尼龍，尼姑},坭
nak1	nɐk5	𪐌{～牙，結巴}
nam1	nɐm55	恁{(語)土氣，本字𦛚},𦛚{(語)土氣，俗字恁}
nam2	nɐm35	恁{思考，俗字諗},諗{(訓)訓讀恁，思考},惗{同諗字}
nam4	nɐm21	腍{（肉類）松軟、爛熟，～癟癟，引申指人軟弱，～善，與䪏/𥹉對轉，或與飪/餁相關},餁{(語)松軟、爛熟，與䪏/𥹉對轉},飪{(語)松軟、爛熟，與䪏/𥹉對轉}
nam5	nɐm24	稔{熟稔}
nam6	nɐm22	婻,𦛚{肥貌},淰{睡熟；溼透，與𣲷對轉}
nan1	nɐn55	腝{(語)肉～，肉麻；噁心；方言字⿸疒王}
nan2	nɐn35	撚{(語)擺弄；挪挪～～，磨磨蹭蹭}
nan6	nɐn22	腝{肉柔脆嫩}
nang1	nɐŋ55	𤹍{～雞，疤痕}
nang3	nɐŋ33	褦{(語)連帶}
nang4	nɐŋ21	能
nap1	nɐp5	粒
nap6	nɐp2	𣲷{溼～～，溼漉漉，與淰對轉},𥹉{黏糊，與飪/腍對轉；做事慢}
nat1	nɐt5	䵒{身～，痠軟，即汗衣黏身，又作䵑字}
nat6	nɐt2	吶{同訥字},訥,肭,抐
nau1	nɐu55	嬲{生氣，一說本字惱，一說本字獳}
nau2	nɐu35	妞,鈕,紐,狃,杻{木名},朽,扭,忸{同狃字}
nau5	nɐu24	粈{同糅字}
nau6	nɐu22	檽,膩{(語)本字腬},腬{膩},耨,糅{(又)}
ne1	nɛ55	呢{助詞},𪐀{(白)粘貼}
ne2	nɛ35	呢{(語)表提請注意或指向}
ne4	nɛ21	呢{(語)表祈求或指向}
nem1	nɛm55	拈{(白)拈起，與鑷對轉},稔{(白)},棯{(白)}
nen1	nɛn55	脌{(白)},𢆡{(白)}
nen2	nɛn35	捻{(白)同撚字，摁、壓，與捏對轉},輾{(白)同碾字},輦{(白)車輦},碾{(白)碾碎；水碾},攆{(白)攆走},撚{(白)摁、壓；用手指搓；與捏對轉}
neng1	nɛŋ55	娘{(語)同孃字},孃{(語)老[lau55]～，母親的敘稱}
neng2	nɛŋ35	䉴{(語)魚～，魚簍，俗字笭},笭{(語)魚～，魚簍，本字䉴}
nep1	nɛp5	囁{(語)蚊蟲咬},𠱃{(白)}
nep3	nɛp3	㘝{(語)搛，與拈對轉},鑷{(白)鑷子；夾，與拈對轉，又作㘝字}
net1	nɛt5	𦛠{(語)矮～～，矮貌}
net6	nɛt2	捏{(白)按壓，與撚/捻對轉，又或捺/抐白讀}
neu1	nɛu55	粈{(語)古壯字，黏}
neu4	nɛu21	嫋{(語)細長柔軟}
ng2	ŋ̍35	嗯{表疑問}
ng4	ŋ̍21	吳,鼯,鋙{錕鋙},郚,蜈,珸,浯,梧,峿{嶇峿},唔{語氣詞，思忖聲},吾
ng5	ŋ̍24	五,迕,牾,旿,忤,午,伍,仵
ng6	ŋ̍22	嗯{表答應},誤,痦,焐,晤,摀,捂,悟,寤
ngaa1	ŋa55	呀{(語)擬聲詞，哭～～，元音象義},椏{椏杈，又作枒杈},枒{枒杈，又作椏杈}
ngaa4	ŋa21	伢,衙,蚜,芽,牙,岈{嵖岈}
ngaa5	ŋa24	佤,雅,疋{同雅字},瓦
ngaa6	ŋa22	掗{掗拃，佔地、霸道，疑本字砑},𧧝{𧧝𧨊，囉嗦、糾纏},𦜖{𦜖膪},迓,訝,砑
ngaai1	ŋai55	𠊎{～話，客家話，本字我，摹客家音}
ngaai4	ŋai21	厓,睚,涯,捱{捱打},挨{挨打，同捱字},崖{山崖，懸崖},堐
ngaai6	ŋai22	乂,艾,砹,刈
ngaak6	ŋak2	逆{(語)},額{(白)}
ngaam1	ŋam55	啱{剛剛；恰好；合適}
ngaam4	ŋam21	岩{岩石，岩漿},礹{同巖字},癌,巖{巖洞，巖壁},嵒
ngaan4	ŋan21	研{(又)碾、砑，與扤對轉},顏,頑{(又)},虤,硏{(又)}
ngaan5	ŋan24	眼{(文)},齴{高峻貌}
ngaan6	ŋan22	贋,鴈,雁,贗
ngaang2	ŋaŋ35	硬{(白)夾硬（強行），硬係}
ngaang6	ŋaŋ22	硬{堅硬}
ngaap3	ŋap3	哈{(語)咧開貌}
ngaat6	ŋat2	嚙{啃、咬，與齦對轉},齧{啃、咬，與齦對轉},齕{(語)啃、咬，與齦對轉},扤{碾壓，與研對轉},囓{啃、咬，與齦對轉}
ngaau1	ŋau55	撓{(文)抓撓，俗字𢯎},𢯎{(文)}
ngaau3	ŋau33	嗷{(語)詞綴，煙～～}
ngaau4	ŋau21	崤,𥁒{(又)},𢳆{(白)},餚,肴,爻,爊{(又)},熬{(白)熬肉},熝{同熬字},淆,洨,殽
ngaau5	ŋau24	咬{(文)}
ngaau6	ŋau22	樂{仁者樂山}
ngai1	ŋɐi55	磑{(語)哀求，俗字𠼮/𠱓},𠼮{哀求，又作𠱓字，本字磑},𠱓{哀求，又作𠼮字，本字磑}
ngai4	ŋɐi21	㪒,𨺙,齯,麑,鯢,鮠,霓,輗,猊,洈,桅,巍,嵬,峗{三峗},危,倪
ngai5	ŋɐi24	峗{山高貌},顗,頠,隗{高；姓},蟻,螘{同蟻字},艤,硊{磈硊}
ngai6	ŋɐi22	偽,魏,詣,藝,蓺,羿,睨,毅,栺{枍栺},囈,僞
ngak1	ŋɐk5	呃{(語)欺騙，又作眲字},眲{欺騙，俗字呃}
ngak6	ŋɐk2	額
ngam1	ŋɐm55	頜{(語)～頭，點頭，與岌/岋/𩕟/𩪤對轉，又作頷/顉字},顉{(語)～頭，點頭，與岌/岋/𩕟/𩪤對轉，又作頜/頷字},頷{(語)～頭，點頭，與岌/岋/𩕟/𩪤對轉，又作頜/顉字}
ngam4	ŋɐm21	吟{(白)～沉，嘮叨，與噏/𡀾對轉，又作啽字},啽{寐聲}
ngam5	ŋɐm24	㜝{含怒貌},趛{(又)}
ngan1	ŋɐn55	奀{瘦小}
ngan3	ŋɐn33	䟴{搖晃，與扤對轉}
ngan4	ŋɐn21	仁{(白)果仁},齦{牙齦},齗,銀,鄞,誾,珢,狺,垠,圻{同垠字},嚚
ngan6	ŋɐn22	垽,韌{(白)煙～，食物有勁道},憖
ngang1	ŋɐŋ55	戇{(語)癡～～，瘋癲貌}
ngang2	ŋɐŋ35	戇{(語)發愣}
ngap1	ŋɐp5	啽{(語)胡說},𡀾{(語)胡說，俗字噏，與啽/吟對轉},岌{(又)～頭，點頭},岋{(又)～頭，點頭},噏{(語)胡說，又作𡀾字，與啽/吟對轉}
ngap6	ŋɐp2	哈{(語)動口貌},𩪤,𩕟,𡀾{衆聲},礘,歞{癡貌},岌{(語)～頭，點頭，與頜/頷/顉對轉，又作岋/𩕟/𩪤字},岋{動貌；〈語〉～頭，點頭，與頜/頷/顉對轉，又作岌/𩕟/𩪤字}
ngat1	ŋɐt5	忔{(語)～失[ʃɐt5]，吝嗇，與齦對轉},胺{(語)屙～尿，尿淋}
ngat6	ŋɐt2	仡{壯勇},阢,迄{迄今},訖{收訖},矻,疙,汔,杌,扤{(又)挪動、磨蹭，與䟴對轉},忔{心不欲},屼,屹{屹立},圪{牆高貌},卼,兀
ngau1	ŋɐu55	佝{(白)佝僂},鉤{(白)},鈎{(白)},軥{(白)軥心木},痀{(白)},勾{(白)}
ngau4	ŋɐu21	牛
ngau5	ŋɐu24	偶{配偶；偶然},藕,蕅,耦
ngau6	ŋɐu22	吽{～哣，迷糊、不清醒，後引申爲古板、難溝通，一說本字怐愗}
nge1	ŋɛ55	呀{(語)擬聲詞，哭～～，元音象義},𡃀{𡃀[ŋɛ21]～，二胡},椏{(白)},枒{(白)}
nge4	ŋɛ21	𡃀{～𡃀[ŋɛ55]，二胡}
ngen1	ŋɛn55	齞{(語)齜、露齒，與齧對轉；吝嗇，與忔對轉},𪗛{(語)齜、露齒，與齧對轉；吝嗇，與忔對轉},齴{(語)齜、露齒，與齧對轉；吝嗇，與忔對轉}
ngen4	ŋɛn21	研{(語)碾、砑，與扤對轉},顏{(白)罕讀},硏{(語)}
ngen5	ŋɛn24	眼{(白)}
ngep6	ŋɛp2	哈{(語)口開～～，嘴合不攏}
nget1	ŋɛt5	忔{(語)～失[ʃɛt5]，吝嗇，與齞對轉}
nget6	ŋɛt2	嚙{(白)啃、咬，與齞對轉},齧{(白)啃、咬，與齞對轉},齕{(語)啃、咬，與齞對轉；齮[ŋi21]齮[ŋi55]～～，矯情、支吾},扤{(白)碾壓；捱～，磨蹭；與研對轉},囓{(白)啃、咬，與齞對轉}
ngeu1	ŋɛu55	撓{(白)抓撓，俗字𢯎},𢯎{(白)抓撓，本字撓}
ngeu5	ŋɛu24	咬{(白)}
ngi4	ŋi21	齮{(語)～齮[ŋi55]齕齕，矯情、支吾}
ngik6	ŋek2	嶷{(又)},逆{(又)}
nging4	ŋeŋ21	凝{(罕)}
ngo4	ŋɔ21	俄,鵝,鋨,訛,蛾,莪,硪,涐,峨,娥,哦{吟哦},吪{行動；感化}
ngo5	ŋɔ24	我
ngo6	ŋɔ22	卧,餓,臥
ngoi4	ŋɔi21	呆{呆板},騃,磑{磑磑},皚,獃{獃板}
ngoi6	ŋɔi22	外,閡{外閉},艾{(又)},礙
ngok6	ŋɔk2	噩,𩓥,𥔲,齶,鸑,鶚,鱷,鰐,顎,鍔,鄂,諤,萼,樂{音樂},愕,嶽{五嶽},崿,岳{姓}
ngon6	ŋɔn22	岸,犴{狴犴；牢獄}
ngong3	ŋɔŋ33	戇{(訓)傻、呆，與愕對轉}
ngong4	ŋɔŋ21	卬{我；同昂字；姓},昂{昂首，與𩓥對轉}
ngong5	ŋɔŋ24	仰{(白)仰頭}
ngu4	ŋu21	㟼,𢳆{搖動，疑本字摮/敖/遨},鼇,鰲,驁,鏖{(又)},遨,螯,聱,翱,璈,獒,爊{同熬字},熬{熬夜},敖,摮,廒,嶅,嗷
ngu6	ŋu22	傲,鏊,奡
nguk6	ŋʊk2	𢳆{(訓)用力搖動，古壯字⿰弄動}
ni1	ni55	呢{(語)細～～，小貌；唵嘛呢叭咪吽；粵字，這，本字爾，本地用阿/亞，本字箇}
ni4	ni21	㪒{(又)},𨺙{(又)},齯{(又)},麑{(又)},鯢{(又)},霓{(又)},鈮,輗{(又)},跜,誼,觺,籾,禰{姓},疑,猊{(又)},怩,嶷{九嶷山},尼{姓；用於人名；尼龍，尼姑},宜,妮,呢{呢絨，呢喃},倪{(又)},伲
ni5	ni24	你,鉨{化學元素},薿,禰{考廟},狔,柅,旎,擬,您,妳{同你字，專指女姓},儗{僭越}
ni6	ni22	儗{佁儗},誼{(又)},膩,眲{輕視},泥{拘泥}
nik1	nek5	搦{拿，與擰對轉},𪐌{黏；～住，停滯}
nik6	nek2	匿,鷊,鷁,鬩{(訓)訓讀慝},逆{逆風，與迎對轉},虉,溺,暱,昵,慝{隠情飾非},嶷{岐嶷}
nim1	nim55	拈{(文)},黏{黏土},粘{粘貼；舊同黏字},稔{同棯字},硏{(又)},研{(又)研究},棯{花（番）～，番石榴，又作稔/捻字},捻{同拈/棯字}
nim4	nim21	鮎{鮎魚},鯰{同鮎字}
nim6	nim22	唸{唸書，唸經},驗{又作騐字},念{思念，想念},廿{(文)},埝
nin1	nin55	脌,𢆡,蔫{食物不鮮；花蔫}
nin2	nin35	捻{(文)},輦{(文)},攆{(文)},撚{(文)}
nin4	nin21	年
nin5	nin24	涊,輾{(文)},蹨,碾{(文)}
ning1	neŋ55	嚀{(語)細～～，小貌},擰{提，與搦對轉},拎{(習)提，又作擰字}
ning2	neŋ35	䉴{(又)魚～},笭{(又)魚～}
ning4	neŋ21	凝{凝結，凝固},鬡,薴,聹,甯{同寧字},獰,檸,寧{安寧；寧可，寧願（口語用能願[jyn35]）},宁{同寧字},嚀{叮嚀}
ning6	neŋ22	佞,甯{姓},濘,泞,擰{擰轉；倔強}
nip1	nip5	𠱃{凹}
nip6	nip2	囁{(又)},𦛠,顳,隉,闑,鑷,鎳,鄴,躡,菍,臲,臬,聶,糵,涅,櫱,業,捻{捏},捏{捏緊},嵲,孽,堨{璧間隙}
nit6	nit2	嚙{嚙齒，同齧字},𦛠{(又)},齧{齧齒},隉{(又)},闑{(又)},臲{(又)},臬{(又)},糵{(又)},涅{(又)},櫱{(又)},捏{(又)},嵲{(又)},孽{(又)},堨{(又)},囓{囓齒，同齧字}
niu1	niu55	粈{(又)}
niu5	niu24	嫋{嫋娜},鳥,褭,裊{裊繞},蔦,嬲{戲弄},嬝
niu6	niu22	尿,脲
no1	nɔ55	挼{搓，又作捼字},臑{(語)肥～～，胖乎乎，疑本字肭},捼{搓，又作挼字}
no2	nɔ35	臑{(語)豬臑[nɔ21]～，豬，童語}
no4	nɔ21	儺,挪{挪動；～～撚[nɐn35]撚[nɐn35]，磨磨蹭蹭},娜{婀娜}
no5	nɔ24	雫{(又)}
no6	nɔ22	喏{嘆詞},糯,懦
noek6	nœk2	瘧,蹃,謔{戲謔},虐
noeng1	nœŋ55	娘{(白)姑～},孃{(白)阿～，母之妹}
noeng4	nœŋ21	娘{新～},孃{爹～}
noi6	nɔi22	佴{姓},錼,萘,耐,耏{去頰鬚刑},柰,奈,倷
nok6	nɔk2	喏{同諾字},鍩{放射性化學元素},諾
nong1	nɔŋ55	䑋{(語)茁壯、壯實、胖},𧟘{褲～，褲襠},襠{(語)褲～，褲襠，本字𧟘}
nong4	nɔŋ21	囊{行囊},饢{一種烤製成的麪餅},穰,瓤,囔
nong5	nɔŋ24	擃{同攮字},饢{拼命往嘴裏塞食物},曩,攮
nong6	nɔŋ22	儾,齉
not1	nɔt5	肭{(語)肥～～，胖乎乎}
nu4	nu21	奴,駑,笯,砮{磨刀石},孥
nu5	nu24	努,腦,胬,砮{石箭鏃},瑙,惱,弩,堖
nu6	nu22	怒,腝{臂節}
nui1	nui55	擩{(語)推搡}
nui5	nui24	餒,餧{同餒字}
nui6	nui22	內
nuk1	nʊk5	搙{揉搓，～麪粉}
nuk6	nʊk2	傉,衄,朒,恧,忸{忸怩}
nung1	nʊŋ55	燶{焦、糊，本字𪒬},𪒬{焦、糊，俗字燶},鬞{～鬤，窩囊，不整潔}
nung2	nʊŋ35	搑{(語)捅，又作擃字},擃{(語)捅，又作搑字}
nung4	nʊŋ21	儂,齈,醲,農,膿,穠,濃,噥
nung6	nʊŋ22	弄{玩弄}
nyu2	ny35	女{(白)崽～，前字調感染}
nyu5	ny24	女{女人},釹
nyun5	nyn24	暖,煖{同暖字}
nyun6	nyn22	嫩
o1	∅ɔ55	喔{感嘆詞},阿{阿膠，阿彌陀佛},痾,屙,婀
o2	∅ɔ35	哦{表驚奇或懷疑},嚄{嘆詞}
o4	∅ɔ21	哦{表應允或醒悟}
oet6	∅œt2	噦{(語)嘔吐聲}
oi1	∅ɔi55	哀,鎄,欸{歎也},娭{娭毑},埃{(文)塵埃},唉{應聲}
oi2	∅ɔi35	噯{噯氣；嘆詞},靉,靄,藹,毐,曖{曖昧，舊讀},堨{塵埃}
oi3	∅ɔi33	嬡,隘{(又)},璦,曖{(又)新讀},愛
ok3	∅ɔk3	噁{噁心},肟,惡{善惡},堊,噁{二噁英}
on1	∅ɔn55	安,鮟,鞍,氨,桉{桉樹}
on2	∅ɔn35	銨
on3	∅ɔn33	咹{聲止},胺{化合物名稱},桉{同案字},案,摁,按
ong1	∅ɔŋ55	肮{同骯字},骯
ong3	∅ɔŋ33	盎
paa1	pʰa55	妑{女子人名用字},趴,葩{(又)},舥
paa2	pʰa35	妑{(語)古壯字，個，量詞},扒{(語)牛～，牛排}
paa3	pʰa33	帊,怕
paa4	pʰa21	巴{(語)下～，又作下扒},鈀{同耙字},耙,筢,琶,爬,潖,杷,掱,扒{扒手，扒草}
paai1	pʰai55	派{(白)夠～，有派頭}
paai3	pʰai33	哌,蒎,湃{(又)},派{派出所}
paai4	pʰai21	俳,𥱼{竹排，又作簰/箄字},簰{同𥱼字},篺,箄{同𥱼字},牌,排
paak1	pʰak5	啪{擬聲詞}
paak3	pʰak3	岶,𢫦{拍本字},魄{魂魄},迫{強迫，壓迫，被迫，迫擊炮},袙,蘗{(白)},舶{(白)},粕{(白)},珀,泊{(白)湖泊；泊船},檗{(白)黃檗，又作黃柏},柏{(白)},拍{與搒/抨對轉},帛{(又)},帕
paan1	pʰan55	扳{同攀字},攀{高攀，攀登}
paan3	pʰan33	盼,襻,袢{同襻字；袷袢}
paan4	pʰan21	爿,𨂝{爬}
paang1	pʰaŋ55	㼞{(語)搪瓷或金屬大碗，俗字𨭌},𨭌{搪瓷或金屬大碗，本字㼞},胮{(語)臭～～，臭烘烘},牓{(又)門～，門框},泙{水聲},弸{(語)兩手平伸的距離}
paang4	pʰaŋ21	厖{(又)},龐{(白)},鵬,蟛,螃{(白)},舽{(白)吳船名},膨,硼,澎,淜{淜湃},棚,搒{笞打},彭,尨{(白)同龐字},嘭
paang5	pʰaŋ24	㧸{驅趕，又作抨/搒字},𢴒{驅趕，又作抨/搒字},搒{(語)驅趕，與拍對轉，又作抨字},抨{(語)驅趕，與拍對轉，又作搒字}
paat3	pʰat3	汃{水波相激聲}
paat6	pʰat2	坺{(語)仰～躠[ɬat2]，跌成四仰八叉，又作跋字},跋{(語)仰～躠[ɬat2]，跌成四仰八叉，又作坺字}
paau1	pʰau55	拋,雹{(訓)訓讀泡},脬,穮{禾虛貌},泡{量詞；虛鬆不實，本字穮}
paau2	pʰau35	跑{跑步}
paau3	pʰau33	奅{(文)},趵{(又)},豹{(又)},砲{(文)},皰{(文)},炮{(文)},泡{浸泡}
paau4	pʰau21	刨{(文)},麅,颮{風聲},鞄,鉋{(文)},狍,庖,咆,匏
pai1	pʰɐi55	㓟{削，本字𠜱},𠜱{削，俗字㓟},錍,鈚{鈚箭},批
pai5	pʰɐi24	埤{埤堄},睥
pam1	pʰɐm55	嘣{(語)清脆的迸裂聲}
pam2	pʰɐm35	渢{(語)輕物落水聲}
pam4	pʰɐm21	嘣{(語)沉悶的迸裂聲}
pan1	pʰɐn55	噴{(語)訓斥}
pan2	pʰɐn35	品
pan3	pʰɐn33	噴{噴水；噴香},濆{同噴字},歕{同噴字}
pan4	pʰɐn21	嬪,顰,頻,貧,蘋{大萍},玭,瀕
pan5	pʰɐn24	牝
pang1	pʰɐŋ55	伻{(又)},閛{(又)},砰{(又)},烹,怦{(又)},匉{(又)}
pang3	pʰɐŋ33	㼞
pang4	pʰɐŋ21	凭{同憑字},鬅,馮{暴虎馮河},朋{朋友},憑{憑據},弸,堋{分水堤壩}
pap1	pʰɐp5	卟{(語)球破聲；摔打聲}
pap6	pʰɐp2	卟{(語)拍衣聲}
pat1	pʰɐt5	匹,𠯔{～斜咧[lɛ21]，嘆詞，呸},苉,疋{同匹字},拂{(白)撣、拂去，～乾凈}
pau2	pʰɐu35	剖,瓿,棓{腳踏板},掊{擊}
pau3	pʰɐu33	䋨{(語)鬆軟，又作婄字},婄{鬆軟，又作䋨字}
pau4	pʰɐu21	垺{盛大},裒,掊{聚斂},抔
pe1	pʰɛ55	披{(語)挨～凳，靠背椅；竹～，長條竹片},𠵿{(外)撲克，英語pair}
pek3	pʰɛk3	劈
pen1	pʰɛn55	篇{(白)罕讀},翻{(白)～書，～草}
pen2	pʰɛn35	片{(白)〈動〉片肉；〈名〉尿片}
pen3	pʰɛn33	片{(白)量詞}
peng1	pʰɛŋ55	呯{(語)～～，鐵瓶蓋或小鐵盒，疑爲𨭌/㼞白讀},𣖕,拼{(白)靠板，挨～椅，牀～，高低～}
peng4	pʰɛŋ21	呯{(白)打銅鑼聲},平{(白)好～，好便宜}
peng5	pʰɛŋ24	髈{(語)～骨，肋骨，又作𩩍字},𩩍{～骨，肋骨}
pet1	pʰɛt5	噼{(語)打手～，打手掌}
peu1	pʰɛu55	拋{(白)},脬{(白)卵～，陰囊},泡{(白)量詞}
peu2	pʰɛu35	摽{(語)古壯字，清除},跑{(白)}
peu3	pʰɛu33	奅{(白)車大奅，吹牛},豹{(又)},砲{(白)},皰{(白)},炮{(白)},泡{(白)起泡，水泡，氣泡}
peu4	pʰɛu21	刨{(白)削也；刨刀},鉋{(白)},穮{(語)～穀，秕穀}
pi1	pʰi55	丕,駓,鎞{箭鏃},鈹{大針；長矛},苤,胚{(又)},紕{紕漏；布類表面有毛刺},砒,狓,狉,披{披掛},帔{古代戲服},坯{(又)},坏{(又)},呸,伾
pi2	pʰi35	仳,鄙,痞,彼,庀,圮,嚭,否{否極泰來},吡{詆毀}
pi3	pʰi33	媲,譬,濞,淠{淠河},帔{霞帔},屁,嬖
pi4	pʰi21	埤{增加},鼙,鮍,陴,陂{黃陂},鈹{金屬元素，符號Be},鈚{犁錧別名},郫,邳,貔,裨{裨將},蠯,螷,蜱,蚍,芘{芘芣},膍,脾,紕{衣帽的緣邊；鑲邊},皮,疲,琵,毗,椑{椑榼},枇
pi5	pʰi24	婢{(又)},被{棉被，植被},睥{(又)}
pik1	pʰek5	僻,鷿,霹,闢{開闢，精闢},釽,辟{復辟，辟邪},癖,甓,澼,擗,噼{擬聲詞}
pin1	pʰin55	偏,蹁,蝙,翩,編,篇{篇章},犏,煸,扁{扁舟；扁桃樹/果，又作偏字}
pin2	pʰin35	片{(又)},諞{誇耀}
pin3	pʰin33	片{一片，藥片},騙,遍
pin4	pʰin21	㛹,𡎚,骿,駢,蹁{(又)},諞{巧言},褊{褊褼},胼,緶{用針縫},楩,便{便宜}
ping1	pʰeŋ55	伻,閛,砰,砯,甹,淜{淜滂},涄,抨{抨擊},怦,娉{娉婷},匉,俜
ping3	pʰeŋ33	姘{姘頭，讀同拼},聘,拼{拼湊},娉{同聘字，定婚}
ping4	pʰeŋ21	伻{(又)},鮃,鉼{古地名},評,蚲,蘋{蘋果},蓱,萍,荓,苹{藾蕭，即艾蒿},缾,瓶,玶,洴,泙{水名},枰,抨{(又)},平{平坦，平時},帡,屏{屏風},塀,坪,呯
pit3	pʰit3	䥕,瞥,氕,撇
piu1	pʰiu55	嘌{疾速},飄,螵,縹{縹緲},漂{漂浮},摽{擊}
piu2	pʰiu35	瞟,縹{青白色；青白色絹}
piu3	pʰiu33	嘌{嘌呤},驃{驃勇},票,漂{漂白，漂亮}
piu4	pʰiu21	剽,薸,瓢{水瓢},朴{姓},嫖
piu5	pʰiu24	慓,鰾{魚鰾，語流中易讀陰去},莩{同殍字},殍,摽{落下；緊捆綁}
po1	pʰɔ55	坡,陂{陂陀},樖{(量)棵、株，一說本字科},棵{(訓)訓讀樖，一說本字科}
po2	pʰɔ35	叵,頗,鉕,笸
po3	pʰɔ33	破,簸{(又)動詞}
po4	pʰɔ21	婆,鄱,菩{(白)菩薩，又作婆薩},皤
pok3	pʰɔk3	帛{(常)布帛},釙,蒪{蒪苴},粕{(文)},猼{同蒪字},烞,朴{朴樹；朴刀}
pong1	pʰɔŋ55	胮{腫},𩐨{鼓聲}
pong2	pʰɔŋ35	髈{蹄髈}
pong3	pʰɔŋ33	肨{腫},胖{(又)肥胖，本字肨}
pong4	pʰɔŋ21	傍{傍晚},𩐨{(又)},龐{(文)},鰟{鰟鮍},髈{同膀字},雱,逄,螃{(文)},蒡{隱荵},舽{(文)},膀{膀胱},磅{磅礡},滂,旁,徬,彷{彷徨},尨{(文)},厖{(又)}
pong5	pʰɔŋ24	棒{(又)},蚌,耪,棓{(又)}
pu1	pʰu55	潽{液體沸騰溢出},鋪{鋪設},舖{牀舖}
pu2	pʰu35	哺,黼,鐠,輔,譜,脯{果脯},甫,潽{水名},溥,浦,氆,普,捕{逮捕},圃
pu3	pʰu33	舖{店舖},鋪{店鋪}
pu4	pʰu21	匍,酺,袍,袌{同袍字},蒲{蒲瓜，蒲公英},蒱,葡,菩{(文)},莆{莆田；姓},脯{胸脯},瓠{(語)瓠瓜，同蒲瓜，蒲實爲浮},浮{(白)浮頭}
pu5	pʰu24	婦{(白)心抱，本字新婦},袌{同抱字},泡{泡沫},抱
pui1	pʰui55	坏{同坯字},醅,衃{瘀血},胚,垺{製陶模型；大},坯
pui3	pʰui33	佩,霈,配,茇{白色的凌霄花},琲,珮,沛,旆
pui4	pʰui21	培,陪,錇{化學元素},賠,裴,徘
pui5	pʰui24	倍,蓓,碚,棓{五棓子}
puk1	pʰʊk5	仆{仆倒},醭,蹼{(又)},瞨,璞,樸{樸素},攴,撲{撲滅，反撲},扑,墣,噗,卟{卟吩},卜{占卜}
puk6	pʰʊk2	僕{僕人},鏷,轐,蹼,穙,濮,樸{木名}
pun1	pʰun55	潘{姓},番{番禺}
pun3	pʰun33	判,泮{泮宮},拚,叛
pun4	pʰun21	柈{同槃/盤字},蹣,蟠,胖{心廣體胖},磻{磻溪},磐,盤,盆,湓,槃
pun5	pʰun24	伴{(白)作～，有～},胖{肥胖}
pung1	pʰʊŋ55	塳{(白)灰塵大},髼{(白)～鬆，又作蓬鬆；～頭～腦，披頭散髮，又作蓬字},逢{(語)撲，狗～人，與撲對轉},蓬{(白)～鬆，又作髼鬆；～頭～腦，披頭散髮，又作髼字}
pung2	pʰʊŋ35	捧
pung3	pʰʊŋ33	掽,踫,碰,椪
pung4	pʰʊŋ21	塳,髼{髮亂},韸{鼓聲},蓬{～勃，～鬆},芃,篷
put3	pʰut3	潑{打潑；活潑},鏺,醱{再釀酒}
saa1	ʃa55	㸺,鯊,裟,莎{莎士比亞},紗,砂,痧,沙,挲{挓挲},唦{象聲詞；語氣詞，啊}
saa2	ʃa35	啥,耍
saa3	ʃa33	嗄{聲音嘶啞}
saa4	ʃa21	唦{(語)～～滾，輕率亂來；～哩[li55]躘[lʊŋ21]蹱[tʃʰʊŋ33]，莽撞}
saai2	ʃai35	廈{旁屋},甩{(語)甩手；扔}
saai3	ʃai33	晒,曬
saai5	ʃai24	舐
saai6	ʃai22	摔{(又)摔跤}
saak3	ʃak3	愬{驚懼貌},𤖴{～飯，菜開胃；〈量〉邊、塊},洓,槭{葉落貌},摵{葉落貌}
saam1	ʃam55	摻{摻摻},釤{金屬元素，符號Sm},衫,芟,穇{稴穇}
saan1	ʃan55	刪,閂,跚,舢,膻{(又)膻味},羶{(又)},珊,潸,栓,柵{柵極},杣,挻{(又)},拴,山,姍,埏{(又)揉和}
saan3	ʃan33	汕,訕,疝,涮{涮洗}
saan4	ʃan21	僝{憂愁},潺,漦{(又)},孱{孱弱}
saang1	ʃaŋ55	牲,胜{餼肉；胜鍵},笙,甥,生
saang2	ʃaŋ35	㗂{慎言},眚,省{節省，省份},㨘{拭擦；訓斥；打}
saang3	ʃaŋ33	鋥{(又)鋥光；黃～～，黃澄澄}
saap3	ʃap3	唼{唼喋},霎{霎時；〈語〉～氣，傷腦筋}
saap6	ʃap2	渫{(文)},煠{(文)}
saat3	ʃat3	剎{剎車；古剎},鎩,脎,煞,殺
saat6	ʃat2	䶡{咬物聲}
saau1	ʃau55	捎{捎帶},蛸{蠨蛸},艄,筲{筲箕},稍{(又)},梢{樹梢}
saau2	ʃau35	睄,稍{稍後，稍微（口語用稍爲[wɐi21]）}
saau3	ʃau33	哨{(文)牙哨哨，齙牙貌},潲{(文)}
saau4	ʃau21	睄{(語)掃視}
sai1	ʃɐi55	篩,簁
sai2	ʃɐi35	使{(習)使用；大使},駛,史{(習)歷史}
sai3	ʃɐi33	世,貰,笹,勢
sai6	ʃɐi22	噬,逝,誓,筮,澨,柿
sam1	ʃɐm55	參{人參},鰺,郴,蔘,綝,琛,深,棽{(又)},森
sam2	ʃɐm35	嬸,邥,諗{諗知},瞫,瀋{瀋陽市},沈{姓},審
sam3	ʃɐm33	沁,瞫{(語)偷看；細看},瘮,滲{(文)}
sam4	ʃɐm21	忱,諶,煁
sam6	ʃɐm22	什{什麼},葚,甚,椹{同葚字}
san1	ʃɐn55	伸{延伸},身,紳,砷,申,珅,呻{呻吟}
san3	ʃɐn33	呻{(語)訴苦},瞬
san4	ʃɐn21	䢅,馴,錞{錞于，古樂器},鉮,醇,辰,蓴,蒓,脣,純,神,淳,殉,榊,晨,徇,宸,娠,唇,侚
san5	ʃɐn24	肫{(訓)訓讀腎},蜃,腎,脤{（芋頭等）脆而不麪；（人）不機靈},胗{(訓)訓讀腎}
san6	ʃɐn22	愼,順,舜,胂{一種有機化合物},慎
sap1	ʃɐp5	溼,譅,濕,澀{羞澀}
sap6	ʃɐp2	什{什錦，什物},辻,拾,十
sat1	ʃɐt5	失{失去；〈語〉忔[ŋɐt5]～，吝嗇},鯴,蝨,虱,室
sat6	ʃɐt2	實{真實},鉥,述,術,秫,潏{水中坻},沭,朮{(又)}
sau1	ʃɐu55	嗖,艘{(又)},溲,收,廋
sau2	ʃɐu35	守{保守；太守，已統讀},首{首先；自首},艏,手
sau3	ʃɐu33	狩,瘦,獸
sau6	ʃɐu22	受,綬,授,壽,售
se1	ʃɛ55	奓{同奢字},賒,畲{畲族},畬{燒草耕田；畬族，今作畲；姓},奢{奢侈}
se2	ʃɛ35	捨,舍{同捨字}
se3	ʃɛ33	厙,騇,赦,舍{宿舍},猞
se4	ʃɛ21	佘,闍{闍黎},輋,蛇{毒蛇},虵{俗蛇字}
se5	ʃɛ24	社
se6	ʃɛ22	射{射箭},麝
sek6	ʃɛk2	炻,鼫,祏,碩,石{石頭；十斗}
sen1	ʃɛn55	挻{(語)掀}
seng1	ʃɛŋ55	聲{(白)}
seng4	ʃɛŋ21	城{(白)省城，出城},成{(白)成日，冇成}
sep6	ʃɛp2	渫{(白)熬、煮，又作煠字},煠{(白)熬、煮，又作渫字}
set1	ʃɛt5	失{(語)忔[ŋɛt5]～，吝嗇}
set6	ʃɛt2	實{(語)白～～}
seu3	ʃɛu33	哨{(白)哨牙，齙牙},潲{(白)}
si1	ʃi55	㟃,鼶,鸍,鷥,鳾,鳲,鰤,餏{食衣切},颸,鍶,釃,邿,詩,襹,褷,蟴,螄,蜤{蜤螽},虒,蕬,蓍,葹,罳,緦,絲,絁{粗綢},糸{同絲字},私,禠,禗,磃{磃氏},獅,澌,溮,榹,楒,施,斯,撕,恖,思{思念；意思},廝,師,屍{屍骨},尸{尸位素餐},噝,嘶,司,厶{同私字},凘,偲{偲偲},俬{傢俬}
si2	ʃi35	使{(書)},豕{(又)},矢{(又)},屎,史{(書)}
si3	ʃi33	僿,試,肆{放肆},泗,弒,嗜
si4	ʃi21	匙{鎖匙},鼭,鰣,蒔{蒔蘿},榯,時,姼,塒
si5	ʃi24	市,鈰
si6	ʃi22	䏡,豉{豉油},謚{同諡字},諡,諟,視,褆{衣服端正貌},蒔{蒔秧},祀,示,涘,氏{氏族},是,戺,忯{恃也},徥,巳,士,俟{俟機},侍,仕,事
sik1	ʃek5	嗇,骰{(訓)訓讀色},飾,銫,適,适{同適字},軾,識{知識},襫,螫,色,穡,栻,拭,式,奭
sik6	ʃek2	喰{(又)},食{糧食},蝕{腐蝕}
sim1	ʃim55	苫{(名)苫布}
sim2	ʃim35	䀹{眨},陝,閃,睒,晱
sim3	ʃim33	掞{舒展},苫{(動)遮蓋}
sim4	ʃim21	單{單于},蟾,蟬,禪{禪宗，禪師},嬋
sim6	ʃim22	剡{剡溪},贍
sin1	ʃin55	埏{揉和},膻{膻味},羶{羶味},烻{光},搧{搧動},挻
sin3	ʃin33	䥇,𨃩,騸,釤{釤刀，又作䥇字},煽,扇{扇子}
sin4	ʃin21	澶{澶淵}
sin5	ʃin24	鱔,鱣{同鱔字}
sin6	ʃin22	倩,饍,鄯,蟺,蟮,蒨,茜{茜草},膳,繕,綪{赤繒；青赤色},箐{竹木叢生的山谷},禪{禪讓，禪位},擅,嬗,墡,墠,單{姓},善
sing1	ʃeŋ55	升{上升},陞{姓},聲{(文)},枡,昇{畢昇；旭日東昇},抍
sing3	ʃeŋ33	勝{勝利；勝任，已統讀},蟶{(又)},胜{同勝字},聖,圣
sing4	ʃeŋ21	丞,鋮,郕,誠,繩,盛{盛滿},珹,澠{河名，在山東省},椉{同乘字},晟,承,成{完成，成功},宬,塍,城{城市，城門},乘{乘坐}
sing6	ʃeŋ22	乘{千乘},盛{旺盛；姓},椉{同乘字},嵊,剩{(書)}
sip3	ʃip3	䀹{(又)},灄,涉,歙{歙縣},攝,懾
sit6	ʃit2	折{折本},𧵳{同蝕字},鞨{治革},蝕{蝕本，又作折字},舌,揲{揲蓍}
siu1	ʃiu55	燒
siu2	ʃiu35	少{多少}
siu3	ʃiu33	少{少年}
siu4	ʃiu21	柖,韶,苕{紅苕},玿
siu6	ʃiu22	劭,鮡{(又)},邵,肇,紹,召{姓；同邵字}
slaa1	ɬa55	卅{三十，三啊[a22]的合音}
slaa2	ɬa35	洒,灑
slaa4	ɬa21	娑{(語)詞綴，落雨～～}
slaai1	ɬai55	㩄{浪費，俗字嘥},嘥{浪費，本字㩄}
slaai3	ɬai33	哂{(語)助詞，表完成，一說本字澌/㩄，又作嗮字},嗮{助詞，表完成，一說本字澌/㩄，又作哂字}
slaak1	ɬak5	㩙{裂開，折斷}
slaam1	ɬam55	三{三個；三思},毿,弎,叄,叁,仨
slaam2	ɬam35	糝{(又)}
slaam4	ɬam21	饞{(白)餓～～，餓貌}
slaan2	ɬan35	散{鬆散},饊{米花糰},糤{同饊字},粣{(訓)訓讀饊/糤}
slaan3	ɬan33	傘,鏾{弩},潵{水散也},散{解散}
slaap3	ɬap3	喢{多言；〈語〉猛咬（一口），又作歃/𠿓字},𦠿,𥈊{理睬},𢶍{擸𢶍，又作垃圾},𠿓{醜；食貌；〈語〉猛咬（一口），又作喢/歃字},颯,靸{靸鞋，又作趿鞋},霅{雨雹下貌},鎝{鏤},鈒{戟；鈒鏤},趿{趿鞋，又作靸鞋},歃{歃血；〈語〉猛咬（一口），又作喢/𠿓字},圾{垃圾，本字擸𢶍}
slaat3	ɬat3	摋,躠{跋躠},薩,潵{潵河},攃{同撒字},撒
slaau4	ɬau21	捎{(語)吃；揍}
slai1	ɬɐi55	嘶{(又)},西,荽{芫荽},茜{芫茜，茜茜公主},舾,粞,硒,犀,樨,恓
slai2	ɬɐi35	屣,蹝,諰,襹{(又)},褷{(又)},蓰,葸,縰,璽,洗,枲,徙
slai3	ɬɐi33	壻,細,婿
slak1	ɬɐk5	噻{噻吩；〈語〉大約、數量少、某、任何，～時，有時，一說壯語底層},揌,息{(語)重孫},塞{塞車}
slak6	ɬɐk2	噻{(語)醒～，精神，古壯字萨}
slam1	ɬɐm55	心,芯
slam2	ɬɐm35	伈,糝{撒；粉末}
slam4	ɬɐm21	尋{(語)傻；盲～～，盲目亂來}
slan1	ɬɐn55	侁,駪,鋅,辛,詵,薪,莘,甡,燊,新,屾,噺
slan2	ɬɐn35	栒{栒虡},隼{(又)},筍,榫
slan3	ɬɐn33	信,遜,迅,訊,蕈{香蕈},濬{濬縣，濬河},浚{浚縣，浚河},汛,巽,峻{(語)璺[mɐn33]～，邊緣},囟,噀
slan4	ɬɐn21	侚{(又)},馴{(又)},錞{(又)},醇{(又)},郇{周朝國名},詢,蓴{(又)},蒓{(又)},荀,純{(又)},紃{(又)},珣,淳{(又)},洵,殉{(又)},栒{木名},旬{(又)},揗{(又)},恂{恐懼貌；〈語〉發抖},循{(又)},徇{(又)},巡{(又)},峋
slang1	ɬɐŋ55	鬙{(語)鬅[lɐŋ21]～，不整潔}
slang3	ɬɐŋ33	擤
slang4	ɬɐŋ21	㗂{(語)詞綴，毛～～，高～～},䒏{(語)懵～～，糊糊塗塗，又作㗂字}
slap1	ɬɐp5	㿇{小痛},𦠿{(語)～碎，瑣碎}
slap6	ɬɐp2	喋{(又)},靸{(語)詞綴，拖～～，拖着鞋走，跟～～，跟隨貌，行～～，疾走貌},霅{(語)詞綴，落雨～～},趿{(語)詞綴，拖～～，拖着鞋走，跟～～，跟隨貌，行～～，疾走貌}
slat1	ɬɐt5	卹{撫卹},銊,裇,蟋{(又)～蟀[tʃɐt5]，又作蟋蜶},蟀,蜶{古書蟲名},膝,窸,窣,璱,瑟{琴瑟},率{率領},摔{摔手},戌,悉,恤{體恤}
slat6	ɬɐt2	朮{(又)},鉥{(又)},述{(又)},術{(又)},秫{(又)},潏{(又)},沭{(又)}
slau1	ɬɐu55	䗛,饈,餿,颾{同颼字},颼,蒐{蒐集},脩,羞,修
slau2	ɬɐu35	叟,鎪,謏{謏訹},螋,藪,艘,瞍,滫,擻{抖擻},搜{搜查},嗾{嗾使}
slau3	ɬɐu33	嗽,鏽,銹,繡,綉,秀,琇,宿{星宿，舊讀統讀[ɬʊk5]}
sle1	ɬɛ55	些,絁{(語)養魚的網；用網攔；方言字⿰糹些}
sle2	ɬɛ35	寫,瀉{(白)倒瀉，溢出}
sle3	ɬɛ33	卌{四十，四啊[a22]的合音},瀉,卸
sle4	ɬɛ21	斜{(語)乜[mɛ21]～，醉態}
slek3	ɬɛk3	惜{(白)疼愛},錫
slem4	ɬɛm21	饞{(白)餓～～，餓貌}
slen3	ɬɛn33	峻{(語)璺[mɛn33]～，邊緣}
slen4	ɬɛn21	恂{(白)發抖}
sleng1	ɬɛŋ55	星{(白)天～},腥{(白)}
sleng2	ɬɛŋ35	醒{(白)清醒，睡醒}
sleng3	ɬɛŋ33	鉎{(白)鐵鏽，又作鍟字},鍟{(白)鐵鏽，同鉎字}
slep1	ɬɛp5	㿇{(語)辣痛，古壯字⿸疒妾}
slep3	ɬɛp3	𤗈{(白)楔}
slep6	ɬɛp2	喋{(語)詞綴，亂～～},靸{(又)},霅{(又)},趿{(又)}
slet1	ɬɛt5	窣{(語)撕布聲}
sleu1	ɬɛu55	筲{(白)}
sli1	ɬi55	澌{(語)陰～～，天氣陰沉或人性格陰沉}
sli2	ɬi35	死
sli3	ɬi33	四,駟,蕼,肆{四字的大寫},肂,柶
slik1	ɬek5	媳,釋,蟋,螅,蜥,蜤{蜤蜴，即蜥蝪},菥,舄,腊{乾肉},窸{(又)},皙,熄,潟,淅,棤,析,晰,昔,惜{可惜},悉{(又)},息{休息}
slik3	ɬek3	裼{袒裼}
slin1	ɬin55	仙,鮮{新鮮；鮮卑},酰,躚{(又)},褼,秈,氙,先,僊{同仙字}
slin2	ɬin35	冼,鮮{鮮少；朝鮮},銑,跣,蘚,筅,禒,癬,獮,燹
slin3	ɬin33	綫{同線字},騸{(訓)訓讀鏾，～雞，閹雞},霰,鏾{～雞，閹雞},腺,羨,羡,線
sling1	ɬeŋ55	惺,騂,腥{(文)},瑆,猩,煋,星{流～}
sling2	ɬeŋ35	省{反省，省悟},醒{醒目}
sling3	ɬeŋ33	姓,鍟{(文)},鉎{(文)},性
slip3	ɬip3	躞,𤗈{(文)}
slit3	ɬit3	偰,𤫉,躠{蹩躠},褻,薛,紲,燮,渫{除去；泄；姓},洩,泄,榍,楔,揳{塞},屑,媟
sliu1	ɬiu55	㩋{把},魈,霄,銷,逍,蠨,蛸{螵蛸},蕭,肖{姓，蕭字俗寫},翛,綃,簫,箾{箾韶},硝,瀟,消,梢{(又)},揱{(又)},捎{(又)},宵
sliu2	ɬiu35	小,謏{謏聞},筱
sliu3	ɬiu33	咲,笑,嘯
slo1	ɬɔ55	唆,趖,蓑,莎{莎草},羧,簑,睃,梭,桫,挲{摩挲},娑{婆娑},嗦
slo2	ɬɔ35	嗩,鎖,縒{鮮絜貌},璅{同瑣字},瑣,所
slo4	ɬɔ21	傻,娑{(語)詞綴，𠳺～～，紛紛落下貌}
sloek3	ɬœk3	削
sloeng1	ɬœŋ55	儴{儴佯},鸘,驦,驤,霜,鑲,襄,葙,纕,緗,箱,礵,相{互相},瓖,湘,廂,孀
sloeng2	ɬœŋ35	想,鯗,鮝
sloeng3	ɬœŋ33	相{相貌}
sloi1	ɬɔi55	愢,鰓,顋,腮,揌{(又)}
slok3	ɬɔk3	塑{(習)讀同朔},遡{(又)},蒴,索,箾{以竿擊人；舞者竿},溹,溯{(又)},槊,朔,搠,揱
slong1	ɬɔŋ55	喪{喪事},𦅇,桑,嗓{嗓子，舊讀}
slong2	ɬɔŋ35	嗓{(又)新讀},顙,磉,搡
slong3	ɬɔŋ33	喪{喪失},𦅇{(又)}
slot6	ɬɔt2	銊{(語)扯動繩索聲}
slu1	ɬu55	囌{嚕囌},鰠,鬚{鬍鬚},騷,颾{風聲},酥,蘇{紫蘇；姓},臊{臊味},繰{同繅字},繅,穌,甦{甦醒},溞,搔
slu2	ɬu35	嫂
slu3	ɬu33	傃,遡,訴,臊{害臊},膆{同嗉字},素,瘙,漱,溯,泝,掃{掃地；掃把},愬{同訴字},愫,塑{(書)},埽,嗉{嗉囊}
slu4	ɬu21	擻{(語)恂[ɬɐn21]～～，發抖貌；～～娑[ɬa21]娑[ɬa21]，做事拖泥帶水}
slui1	ɬui55	濉,雖{雖然},葰{廉薑},荽{(又)},綏,睢,眭{姓}
slui3	ɬui33	嗉{(語)雞嗉},誶,膆{(語)雞膆},祟,碎,歲
slui6	ɬui22	瑞{(又)},繐{(又)},穗{(又)}
sluk1	ɬʊk5	㩋{擊；擊聲},鷫,驌,餿{(訓)食物過宿，訓讀宿},蹜{(又)},謖{(又)},蓿,肅,縮{(又)},粟,宿{住宿；餿、酸臭，俗字餿；星宿，舊讀},夙,僳
sluk6	ɬʊk2	俗{(又)}
slung1	ɬʊŋ55	倯,鬆{放鬆},菘,淞,忪{惺忪},嵩,崧,娀,凇
slung2	ɬʊŋ35	㩳,聳{聳立；〈語〉金～，骨殖罐},竦,慫{慫恿},悚
slung3	ɬʊŋ33	宋,餸{粵字，菜，本字送，本地用菜},送
slung4	ɬʊŋ21	㞞{傻，本字倯}
slyu1	ɬy55	嬃,鬚{(又)},須{必須},需,雖{(又)語流音變},諝,胥,繻,綏{(又)},湑{水名}
slyu2	ɬy35	湑{濾酒去渣},醑,糈
slyu3	ɬy33	嗉{(又)雞嗉},膆{(又)雞膆},緒{(又)},絮
slyun1	ɬyn55	喧{(又)},飧,酸{酸味},蓀,痠{痠痛},瑄,猻,狻,渲{(又)},揎,愃,悛,宣,孫
slyun2	ɬyn35	損,隼{(又)},選,筍{(老派)},禒{(又)},癬{(常)},榫{(老派)},栒{(老派)}
slyun3	ɬyn33	信{(老派)},遜{(老派)},迅{(老派)},訊{(老派)},蕈{(老派)},蒜,算,筭,濬{(老派)},渲,浚{(老派)},汛{(老派)},巽{(老派)},囟{(老派)},噀{(老派)}
slyun4	ɬyn21	侚{(老派)},馴{(老派)},鏇,錞{(老派)},醇{(老派)},郇{(老派)},詢{(老派)},蓴{(老派)},蒓{(老派)},荀{(老派)},純{(老派)},紃{(老派)},碹,璿,璇,珣{(老派)},漩,淳{(老派)},洵{(老派)},殉{(老派)},栒{(老派)},暶,旬{(老派)},旋{旋轉；旋風},揗{(老派)},恂{(老派)},循{(老派)},徇{(老派)},巡{(老派)},峋{(老派)}
slyut1	ɬyt5	卹{(老派)},𠽌{詞綴，白～～},銊{(老派)},裇{(老派)},率{(老派)率領},摔{(老派)},戌{(老派)},恤{(老派)}
slyut3	ɬyt3	薛{(常)},鱈,雪,躠{(又)蹩躠}
slyut6	ɬyt2	朮{(老派)},鉥{(老派)},述{(老派)},術{(老派)},秫{(老派)},潏{(老派)},沭{(老派)}
so1	ʃɔ55	梳,蔬,疏{疏忽},疋{足}
so3	ʃɔ33	疏{注疏}
so4	ʃɔ21	趖{(語)滾～～，水沸聲}
soe4	ʃœ21	嗾{(語)指使狗聲，唆使、挑撥，又作噓/𡂡字},噓{(語)指使狗聲，唆使、挑撥，又作嗾/𡂡字}
soek3	ʃœk3	爍,鑠
soek6	ʃœk2	勺{湯勺},芍{(又)},杓{(又)}
soeng1	ʃœŋ55	傷,鸘{(又)},驦{(又)},霜{(又)},雙,觴,礵{(又)},熵,瀧{瀧水，瀧岡},湯{浩浩湯湯},殤,孀{(又)},墒,商
soeng2	ʃœŋ35	尚{(白)和尚},賞
soeng4	ʃœŋ21	嘗{(又)},鱨{(又)},裳,嚐{(又)}
soeng5	ʃœŋ24	上{動詞，上山},鞝{鞝鞋},緔
soeng6	ʃœŋ22	上{方位，上面},尚{高尚}
soi1	ʃɔi55	摔{(又)摔倒},衰{(又)～老，～落}
soi3	ʃɔi33	塞{邊塞},賽
sok3	ʃɔk3	嗍{吮吸，本字欶},欶{吮吸，俗字嗍},數{數見不鮮}
song2	ʃɔŋ35	塽,爽
song3	ʃɔŋ33	𦅇{(語)詞綴，黃～～}
su2	ʃu35	數{(動)數一數}
su3	ʃu33	數{(名)數目}
sui1	ʃui55	衰{倒楣}
sui2	ʃui35	嶲{越嶲},髓,瀡,水,巂{越巂}
sui3	ʃui33	帥,説{遊説，説服},說{遊說，說服},税,稅,涚,涗,捝{擦拭},挩{擦拭},帨
sui4	ʃui21	倕,陲,誰,垂,圌{圌山}
sui6	ʃui22	䡵,隧,鐩,邃,遂,襚,繐{帽繐},穟,穗{穀穗},睡,璲,瑞,燧,旞
suk1	ʃʊk5	倏,蹜,謖,縮,叔,儵
suk6	ʃʊk2	俗{(又)},贖,蜀,菽,熟,淑,屬{屬於，家屬},孰,婌,塾
sung4	ʃʊŋ21	鰫{(又)}
sy1	sɿ55	㟃{(老派)},鼶{(老派)},鷥{(老派)},鳾{(老派)},鰤{(老派)},颸{(老派)},鍶{(老派)},釃{(老派)},襹{(老派)},褷{(老派)},蟴{(老派)},螄{(老派)},蜤{(老派)},虒{(老派)},蕬{(老派)},罳{(老派)},緦{(老派)},絲{(老派)},糸{(老派)同絲字},私{(老派)},禠{(老派)},禗{(老派)},磃{(老派)},獅{(老派)},澌{(老派)},溮{(老派)},榹{(老派)},楒{(老派)},斯{(老派)},撕{(老派)},恖{(老派)},思{(老派)},廝{(老派)},師{(老派)},噝{(老派)},嘶{(老派)},司{(老派)},厶{(老派)},凘{(老派)},偲{(老派)},俬{(老派)}
sy3	sɿ33	泗{(老派)},肆{(老派)放肆}
sy6	sɿ22	事{(老派)},祀{(老派)},涘{(老派)},戺{(老派)},巳{(老派)},士{(老派)},俟{(老派)},仕{(老派)}
syu1	ʃy55	㻬{(又)},鄃,輸,舒,紓,毹{(又)},樞,樗,書,攄,摴,抒,姝{(又)}
syu2	ʃy35	暑,鼠,黍,癙
syu3	ʃy33	庶,腧,緒,戍{戍守},恕
syu4	ʃy21	噓{嘆詞，表制止},陎,蜍,藷{同薯字},薯,糬,殳,殊
syu5	ʃy24	墅,署,曙
syu6	ʃy22	樹,豎,澍
syun3	ʃyn33	瞬{(老派)}
syun4	ʃyn21	唇{(老派)},錞{(又)},醇{(又)},蓴{(又)},蒓{(又)},船,舡,脣{(老派)},純{(又)},淳{(又)}
syun5	ʃyn24	吮,雋{雋永},楯{欄杆}
syun6	ʃyn22	腨,順{(老派)},舜{(老派)}
syut3	ʃyt3	說{說話，小說},説{説話，小説}
taa1	tʰa55	他,鉈{金屬元素，符號Tl},祂,牠,怹,它,她
taai1	tʰai55	呔{(外)車～，英語tyre},𧘹{(外)領帶，英語tie}
taai3	tʰai33	傣{(又)},鈦,酞,貸,肽,泰,汰,汏{同汰字},態,太
taai5	tʰai24	柁{(白)},軚{本字舵},舵{(白)俗字舦},舦{舵，本字舵}
taam1	tʰam55	坍{(又)},貪
taam2	tʰam35	磹{磹口，地名},菼
taam3	tʰam33	傝{傝儑},撢{同探字},探{探路，試探}
taam4	tʰam21	倓{倓然},鐔{古兵器，似劍而小；姓},錟{長矛},醰,郯,譚,談,覃{覃思；姓},蟫{蠹魚},蕈{植物名},罈{酒罈},痰,燂{略燒},潭,曇,惔{火燒},壜,埮{同壜字}
taam5	tʰam24	淡{(白)清淡}
taan1	tʰan55	嘽{嘽嘽},癱{(又)},灘,攤,坍{坍塌}
taan2	tʰan35	亶{誠信},鉭,袒,癱,疸,璮,毯,忐,妲{(又)},坦
taan3	tʰan33	嘆{嘆息，嘆氣},碳,炭,歎{詠歎，讚歎}
taan4	tʰan21	壇{論壇},檀,枟,彈{(文)}
taap1	tʰap5	嗒{(語)剪物聲}
taap3	tʰap3	䍇,鰨,鞳{(又)},闒{闒茸},錔{(名)器物錔頭，筆～，筆帽},褟,漯{水名},溻,溚{焦油舊稱；古水名},榻,搨{搨本，又作拓字},拓{拓本，同搨字},塔,塌,嚃{(又)},嗒{嗒然若失},傝{傝𠎷},䑜
taat3	tʰat3	撻{撻伐；蛋撻},鰨{(又)},韃,靸{靸拉，又作趿拉},闥,遢{邋遢，本字蝲蟽},躂{踢躂},趿{趿拉，又作靸拉},澾
tai1	tʰɐi55	梯,鷉,鷈,銻
tai2	tʰɐi35	体,體,睇{看}
tai3	tʰɐi33	剃,髢,裼{載衣之褓},薙,締{(又)},涕,替,屜,嚏
tai4	tʰɐi21	啼,鶗,鵜,鯷,騠,題,隄,醍,遆,蹄,踶{蹄},謕,褆{衣厚貌},荑{初生葉貌},緹,綈,禔,磃{磄磃},瑅,提,媞,堤,埞{同堤字}
tai5	tʰɐi24	娣
tak1	tʰɐk5	忑,鋱,慝{惡},忒
tam3	tʰɐm33	探{(語)裝入衣袋，又作撢字},𧨾{哄騙，尤指哄孩子，疑本字誩},撢{(語)裝入衣袋，又作探字}
tam4	tʰɐm21	坍{(語)壓；塌下},𧽼{～～轉，團團轉}
tam5	tʰɐm24	凼{水坑},窞{(又)},氹{水坑}
tan1	tʰɐn55	吞,飩,焞{光明},暾
tan2	tʰɐn35	氽
tan3	tʰɐn33	褪{～後，後退；～車，倒車}
tan4	tʰɐn21	囤{囤積},魨,迍{迍迍；〈語〉來回走動，俗字揗},豚,臀,腯{(又)},揗{(語)發抖，本字忳；來回走動，本字迍},忳{忳忳；〈語〉發抖，俗字揗},屯{屯兵},坉{以草裹土築城及填水；田隴}
tang1	tʰɐŋ55	膯{飽；〈語〉膨脹}
tang4	tʰɐŋ21	滕,鰧,驣,騰,謄,螣{螣蛇},藤,縢,籐,疼
tap1	tʰɐp5	佮{(語)動詞，套，本字錔},錔{(動)套上，俗字佮}
tau1	tʰɐu55	偷
tau2	tʰɐu35	㪗{休息，又作敨字},敨{休息，又作㪗字},唞{休息，本字敨/㪗}
tau3	tʰɐu33	咅,透,炓{(語)～火，生火}
tau4	tʰɐu21	投,骰{骰子},頭,酘{酒再釀},牏{(又)}
tek3	tʰɛk3	剔{(白)剔除，剔骨},踢
ten4	tʰɛn21	彈{(白)彈琴}
teng1	tʰɛŋ55	听{(白)同聽字},聽{(白)聽見},汀{(白)},廳
teng5	tʰɛŋ24	艇{遊艇}
tep1	tʰɛp5	嗒{(語)剪物聲}
tet1	tʰɛt5	趿{(白)拖～鞋，拖鞋},靸{(白)拖～鞋，拖鞋}
teu2	tʰɛu35	挑{(語)～水，提水；打～，打潑；古壯字⿰手兆}
tik1	tʰek5	俶{同倜字},逖,趯{跳躍},擿{挑出；揭露},惕,剔{挑剔},倜
tim1	tʰim55	㖭,𠻹,黇,添
tim2	tʰim35	㮇,舔,栝{撥火棍；木杖},掭{掭筆，又作㮇字},忝
tim4	tʰim21	恬,菾,甜,湉
tin1	tʰin55	天
tin2	tʰin35	捵{(又)},靦{(又)},覥{(又)},腆{(書)},町{町疃},淟{(又)},晪{(又)}
tin3	tʰin33	捵{(語)掙扎},瑱{玉名}
tin4	tʰin21	佃{佃作},鿬,鴫,闐,鈿{錢},窴,畠{日本漢字},畑,畋,田,滇{水流貌},沺,填,嗔{嗔嗔}
tin5	tʰin24	殄
ting1	tʰeŋ55	听{(文)},聽{(文)聽見；〈語〉～日，明日，天光的合音},綎,町{(常)地名，西門町、歌舞伎町},烴{碳氫化合物},汀{(文)},桯{桯凳},朾{虛朾}
ting2	tʰeŋ35	侹,頲,町{田界},珽,挺,圢
ting3	tʰeŋ33	听{同聽字},聽{聽候，聽從}
ting4	tʰeŋ21	䗴,霆,蜓,葶,莛,綎{(又)},渟,廷,庭,婷,停,亭
ting5	tʰeŋ24	梃,鋌{鋌而走險},烶
tip3	tʰip3	帖,跕{跕屣},貼,萜
tit3	tʰit3	銕{同鐵字},餮,鐵
tiu1	tʰiu55	佻,雕{(又)雕刻，罕讀},祧,挑{挑擔，挑戰},彫{(又)彫刻，罕讀}
tiu3	tʰiu33	朓,跳,趒,糶,眺
tiu4	tʰiu21	䯾{髮多},齠,鰷,髫,銚{長矛},迢,調{調和，調整},蜩,苕{凌霄花；苕菜},笤,條,嬥{身材修長而美好},佻{(又)}
tiu5	tʰiu24	窕
to1	tʰɔ55	拕,拖
to2	tʰɔ35	妥{(又)},橢{(又)}
to3	tʰɔ33	唾
to4	tʰɔ21	佗,鼉,鴕,鮀,駝,馱{馱東西},陀{陀螺},阤{陂阤},鉈{秤砣},酡,跎,舵{(又)},砣,沱,柁{木葉落},堶,坨
to5	tʰɔ24	妥,舵{舵手，掌舵},橢,柁{同舵字}
toe3	tʰœ33	唾{(又)}
toi1	tʰɔi55	胎,苔{舌苔}
toi2	tʰɔi35	㘆{語不正},呔{語不正，本字㘆}
toi4	tʰɔi21	儓,鮐,駘{劣馬},颱{颱風},鈶{鉈舊譯},邰,跆,薹{蒜薹},苔{青苔},臺{平臺},炱,檯{櫃檯},枱{同檯字},擡,抬,台{兄台；台州}
tok3	tʰɔk3	侂,魄{落魄，又作落拓},飥,託{委託},蘀,籜,橐,柝,拓{拓展},托{托起},庹
tong1	tʰɔŋ55	劏{宰殺，本字湯},鐋{鐋鑼},鏜{象聲詞},蹚,羰,湯{熱湯；宰殺，俗字劏},嘡
tong2	tʰɔŋ35	倘,钂,鎲,躺,耥{耥耙},淌,惝{(又)},帑,儻
tong3	tʰɔŋ33	摥{順着推拉，～櫳門},鐋{平木石器；熱酒},趟,燙,熨{(訓)熨斗，訓讀燙斗}
tong4	tʰɔŋ21	䣘,餳{同餹字},鏜{加工零件之法},醣,鄌,螳,螗,茼{(語)茼蒿，又作塘蒿},膛,糖,瑭,溏,樘,棠,搪,塘,堂,坣,唐
tu1	tʰu55	㻬,饕,韜,縚,絛,滔,搯{掏，挖取},慆,弢,叨{叨光}
tu2	tʰu35	土,釷,討
tu3	tʰu33	兔,菟{菟絲},套,堍,吐
tu4	tʰu21	匋,鼗,騊,駼,鞀,陶,酴,途,逃,萄,菟{於菟},荼,綯{拴；綁},稌,瘏,燾{用於人名},濤,淘,涂{姓；同塗/途字},洮{盥洗},檮,梌,桃,掏,徒,屠,塗,圖,啕,咷
tu5	tʰu24	肚
tui1	tʰui55	推,焞{盛}
tui2	tʰui35	腿
tui3	tʰui33	煺,退,褪{～色},蜕,蛻
tui4	tʰui21	穨,魋{獸名},頽,頹{頹廢；〈語〉蠢笨},隤
tuk1	tʰʊk5	禿{禿頂},𢬳
tung1	tʰʊŋ55	嗵,通,熥,恫{恫瘝},囱{(語)煙囱，又作煙通},囪{(語)煙囪，又作煙通}
tung2	tʰʊŋ35	㛚,𧚔{～裙},統,桶,捅{捅破}
tung3	tʰʊŋ33	痛
tung4	tʰʊŋ21	仝,𦒍,鼕{(又)},鮦{鮦魚},銅,酮,詷{共同},衕{衚衕},茼,艟{艨艟},筒,童,穜{先種後熟的農作物},砼,瞳,犝,烔,潼,橦{木棉樹},桐,曈,彤,峒{崆峒},峂,垌{坰冢，湖北地名},哃,同,僮{書僮},侗{倥侗},佟
tyun1	tʰyn55	湍,猯,煓
tyun2	tʰyn35	疃
tyun3	tʰyn33	彖
tyun4	tʰyn21	團{團結},糰{糯米糰},槫,摶
tyun5	tʰyn24	斷{折斷，斷絕，濁上變去未發生}
tyut1	tʰyt5	禿{(又)光禿禿}
tyut3	tʰyt3	挩{解脫；遺漏},脱,脫,棁{棁杖},梲{杖},捝{解脫；遺漏}
u1	∅u55	擙,鏖,爊{煨熟，同𤏶字},熝{煨熟，同𤏶字}
u2	∅u35	哦{(語)表驚奇},媼,媪,噢{(語)表驚奇}
u3	∅u33	哦{(語)～呵，表無奈或嘲諷},鿫,隩{同奧字},襖,燠{甚熱},澳,扷,懊{懊悔；懊惱，已統讀},嶴,奧,墺,圫,噢{嘆詞；～呵，表無奈或嘲諷}
ui2	∅ui35	哎{(又)～唷[ju35]，表驚奇}
uk1	∅ʊk5	剭,齷{(常)},屋
ung1	∅ʊŋ55	唵{(又)唵嘛呢叭咪吽},鶲{(又)},鎓{(又)},翁{(又)},壅{(語)埋，～肥},嗡{(又)}
ung2	∅ʊŋ35	㧬{(語)推，本字擁},𢫨,擁{(白)推}
ung3	∅ʊŋ33	䐥,齆,蕹,甕,瓮
waa1	wa55	凹{同窪字},譁{譁然},蛙,花{(白)郊區多讀},糀{(又)},窪,窊,畖,洼{同窪字},娃,嘩{象聲詞；同譁字},哇,咼{歪斜},划{(又)划船}
waa2	wa35	娃{(白)},𢱑{(文)},畫{(名)圖畫},搲{(文)}
waa3	wa33	化{(白)郊區多讀},𠹁{嬰兒哭聲}
waa4	wa21	划{划船，划算},驊,鏵,華{中華},樺,嘩{嘆詞},哇{(語)表讚歎}
waa5	wa24	踝
waa6	wa22	嬅,話,觟{有角母羊},華{華山；姓},崋
waai1	wai55	歪
waai3	wai33	塊{(白)郊區多讀},筷{(白)郊區多讀},快{(白)郊區多讀}
waai4	wai21	怀,淮,槐,懷
waai6	wai22	坏{同壞字},壞
waak6	wak2	㗲,𡄴,騞,籰{(白)},篗{(白)},穫{(白)收穫},砉,畫{(動)畫圖},獲{(白)獲得},掝{裂開},或,惑,嫿,嚄{(又)},劐{(又)},劃{計劃},剨
waan1	wan55	壪,灣,彎
waan2	wan35	挽{(白)挽留，常讀},翫{(白)},綰,玩{(白)古玩，玩弄}
waan4	wan21	䴉,鬟,頑{頑童},闤,鐶,鍰,郇{姓},還{還有、還是，副詞；還錢、還原，動詞},繯,環{環境},澴,寰,嬛{嫏嬛},圜{圍繞}
waan5	wan24	挽{挽手},鯇{(文)},輓{輓聯}
waan6	wan22	宦,豢,翫{(文)},繯{(又)},玩{(文)},漶,擐{(又)},患,幻
waang1	waŋ55	橫{(語)搞砸了，俗字軭},軭{(語)搞砸了，疑本字橫}
waang4	waŋ21	橫{橫直；蠻橫},黌{(又)},鐄{(又)},瑝
waat3	wat3	挖{(文)},穵{(文)},斡
waat6	wat2	滑{(文)滑冰},猾{(文)}
wai1	wɐi55	噅{(白)},麾{(白)},隳{(白)},逶,輝{(白)},覣,褘{(白)},葳,翬{(白)},癐{象聲詞},琿{(白)璦琿},煇{(白)},暉{(白)},撝{(白)},揮{(白)},崴,媙,媁{(又)},威
wai2	wɐi35	位{(白)車～、坐～；一～客人；邊～，哪位},骫,韡,韙,譭{詆譭},諉,虺{虺蛇},虫{虺的本字},薳{草名；姓},蔿,蒍,萎,緯,碨{碨磊},痿,瑋,猥,燬{焚燬},煒,毀{毀滅},暐,廆{人名},委,喂{(語)句首表引起注意，句末表祈使},卉,儰,偉
wai3	wɐi33	㜇,餵{餵養},餧{同餵字},霨,螱,蔚{蔚縣，地名},翽,穢,磑{磨子},碨{石磨},畏,慰,慧{(常)智慧，前字調感染},尉{太尉},噦{噦噦},喂{喚叫聲；同餵字},䲁
wai4	wɐi21	唯{唯獨},韋,闈,遺{遺失；遺贈，已統讀},違,葦,維,琟,爲{作爲},為{同爲字，作為},濰,潿,湋,惟,幃,帷,媁,圩{圩堤},圍
wai6	wɐi22	位{～置},𠅤,鏏,譓,謂,諱,衞,衛,蟪,蝟{刺蝟},蕙,胃,爲{爲了},煟,為{同爲字，為了},潓,渭,橞,憓,慧,惠,恚,彙{(書)},彗,喟
wak6	wɐk2	掝{(語)揮動，疑本字劃}
wan1	wɐn55	勛{(白)},鰮,鰛,馧{香},頵,閽{(白)},醺{(白)},轀,輼,贇,薰{(白)薰衣草},薀{水草名},蒕,蒀,葷{(白)},纁{(白)},縕{絪縕},緼{絪緼},瘟,獯{(白)},燻{(白)煙燻},熏{(白)熏陶},熅{無焰的火},煴{無焰的火},溫,温,氳,氲,殟,榲{(又)},榅{(又)},曛{(白)},暈{暈車},昏{(白)},惛{糊塗},婚{(白)},勳{(白)}
wan2	wɐn35	揾{找，本字温},穩,混{(白)相混},搵{找，本字溫}
wan3	wɐn33	困{(白)囚禁，與屈對轉，俗字圂/韞},韞,醞,醖,訓{(白)郊區多讀},蘊,藴,薀{同蘊字，積聚},縕{亂麻；舊絮},緼{亂麻；舊絮},搵{按},揾{按},慍,愠
wan4	wɐn21	云{詩云，人云亦云},魂,餫{餛飩},餛,雲{彩雲，白雲},鋆,鄖,蕓{蕓薹},芸{芸芸衆生},耘,紜,篔,筠{筠竹},琿{琿春縣},澐,溳,渾,沄,暈{頭暈},昀,妘,匂{(又)},勻
wan5	wɐn24	允,隕,狁,殞,尹
wan6	wɐn22	圂,餫{運糧},韻,鄆,運,諢,熨{熨斗，本字熅},熅{熨},煴{熨},溷,混{混合},暈{日暈},惲
wang1	wɐŋ55	嗡{(語)～～響，又作耾字},耾{(語)～～響，又作嗡字}
wang6	wɐŋ22	撔{橫也；〈語〉繞道，運路行的合音}
wat1	wɐt5	㳚,黦{(又)黃黑色},魆{(白)},鬱{憂鬱},馧{馧馞},詘{辭塞；彎曲},菀{茂盛},膃,腽,胐{(白)},窟{(白)},爩{燻，俗字煀，與燻對轉},熨{熨貼},煀{燻，本字爩，與燻對轉},榲,榅,屈{委屈；蜷縮，與困對轉},尉{尉遲，複姓},堀{(白)},䓛
wat6	wɐt2	抇{掘；裂；牽動；〈語〉攪動，又作搰字},鷸,鶻{鶻突，回鶻},遹,聿,矞,燏,潏{水湧貌},核{果核，棗核},搰{掘；擾亂；〈語〉攪動，又作抇字}
wau1	wɐu55	㕵{(語)擬聲詞，狗吠聲，又作汪字},汪{(語)擬聲詞，狗吠聲，又作㕵字}
we2	wɛ35	噦{(語)嘔吐},𢱑{(白)同搲字},搲{(白)撓，抓}
we6	wɛ22	𠹁{(語)句末語氣詞}
wen4	wɛn21	環{(白)耳環},還{(白)還錢、還原，動詞}
wen5	wɛn24	挽{(白)挽手，罕讀},鯇{(白)}
wet1	wɛt5	滑{(語)～魚，黃鱔；魚～～，魚兒，童語}
wet3	wɛt3	挖{(白)},穵{(白)同挖字}
wet6	wɛt2	滑{(白)地滑，光滑},猾{(白)狡猾}
wik6	wek2	域,閾,蜮,棫
wing1	weŋ55	營{(語)～～嗡[wʊŋ55]嗡[wʊŋ55]，即嗡嗡營營，蚊蟲聲，象聲詞},𢫕{粵字，扔，本地用丟}
wing4	weŋ21	嶸{(又)},蠑{(又)},榮{(又)新讀}
wing5	weŋ24	栐,詠,穎,潁,泳,永
wing6	weŋ22	𢫕{搖頭}
wo1	wɔ55	倭,踒,蝸,萵,窩,窠{(訓)訓讀窩},渦,撾{老撾},媧
wo3	wɔ33	喎{語氣詞，表輕微爭辯或讚歎},𤆏,涴{弄髒}
wo4	wɔ21	和{和平，和氣，和麪},龢,禾,盉,啝,咼{同和字}
wo5	wɔ24	喎{語氣詞，表反問或轉告},𢰸{～蛋，變質蛋，本字涴},涴{(語)～蛋，變質蛋，俗字𢰸}
wo6	wɔ22	和{附和，唱和},禍
wok6	wɔk2	劐{(又)},鸌,雘,鑊,蠖,臒,籰,篗,穫{(文)},矱,瓠{瓠落},獲{(文)},濩{煑},彠,嚄{嚄唶}
wong1	wɔŋ55	尢{同尪字},汪,尪
wong2	wɔŋ35	枉
wong4	wɔŋ21	凰,黃,鰉,餭,隍,鐄,鍠,遑,蟥,蝗,艎,簧,篁,磺,皇,癀,璜,王{王朝},煌,潢,湟,惶,徨,媓,喤
wong5	wɔŋ24	往,暀{光；德；是}
wong6	wɔŋ22	旺,王{王天下},暀{同旺字}
wu1	wu55	嗚,𠌥{(又)},靰,鎢,鄔,肟{(又)},烏,洿,污,汙,於{於戲，於菟},塢,圬
wu2	wu35	捂{(又)},祜,摀{(又)}
wu3	wu33	噁{喑噁},𠌥,惡{可惡}
wu4	wu21	乎{幾乎，在乎},鶘,鬍{鬍鬚},餬{餬口},醐,衚{衚衕},蝴,葫{葫蘆},胡{胡琴},糊{糊塗},瓠{瓠蘆，同葫蘆},瑚,猢,狐,煳,湖,弧,壺
wu6	wu22	互,鱯,鄠,護,芋,瓠{瓠瓜，瓠子},濩{布散},滬,昈,扈,户,戶,怙,岵,嫭,冱
wui1	wui55	偎,鰃,隈,猥{(又)},煨
wui2	wui35	會{(白)委員會，大會堂，會員}
wui4	wui21	回,迴,蛔,茴,烠,洄,徊
wui5	wui24	會{不會，語流中易讀陰去}
wui6	wui22	匯{匯聚},薈,繪,繢,燴,會{開會；會計，會稽},彙{(習)詞彙，讀同匯}
wun1	wun55	婠
wun2	wun35	剜,豌,蜿{蜿蜒},腕,脘{(又)},碗,椀,惋{惋惜},宛{宛如},婉{婉轉}
wun4	wun21	垣,雈,貆,萑,荁,綄{古時一種測風儀},瓛,洹,桓,峘
wun5	wun24	㬊,莞{莞爾},緩,綄{纏繞},皖,浣
wun6	wun22	喚,逭,翫{(書)},瘓,玩{(書)},煥,渙,換,妧{美好貌},奐
wung1	wʊŋ55	嗡{(語)營[weŋ55]營[weŋ55]～～，即嗡嗡營營，蚊蟲聲，象聲詞}
wut6	wut2	佸,活
zaa1	tʃa55	偺,𠭯,齇,髽,蹅{足蹋聲},膼,碴,猹,渣{殘渣},樝{山樝，又作山柤},楂,查{姓；同楂字},柤{山柤，即山樝},撾{敲、打},摣,揸{握、拿},挓,抯,抓{握、拿，又作揸字，本字𠭯},奓{地名},喳,喒,咱,吒{哪吒}
zaa2	tʃa35	渣{(語)發爛～，撒野},鮺,鮓{鮓肉；劣質的，又作苴字},苴{土苴；劣質的，又作鮓字},砟{砟子}
zaa3	tʃa33	䃎,詐,蜡{年終祭名},蚱,笮{同榨字},砟{碑石},痄,煠{同炸字},炸{炸彈},溠,榨,搾,拃{測長度；量詞},奓{張開},咋{咋呼；咋舌，本作齰舌},乍
zaa4	tʃa21	喳{(語)衝～～，急衝貌；嘈～～，嘈雜貌}
zaa6	tʃa22	拃{掗拃，佔地、霸道，疑本字槎},𧨊{𧧝𧨊，囉嗦、糾纏},齰{齰齖},膪{𦜖膪}
zaai1	tʃai55	齋
zaai3	tʃai33	債,瘵
zaai6	tʃai22	㨁{(語)投擲，俗字㩟},豸{(又)},砦,廌{(又)},寨,㩟{縫綴；〈語〉投擲，本字㨁}
zaak3	tʃak3	唶{嚄唶},迮,賾,責,舴,簀,笮{屋笮；姓；壓，俗字矺/磧},窄,磧{(語)壓，本字笮},矺{敲；同磔字；壓，本字笮},幘{(又)},嘖
zaak6	tʃak2	䶡{同齰字},齰{齰舌},躑,蹢{躑躅},謫,翟{姓},磔,睪{同澤字},澤,擿{同擲字},擲,擇,摘,宅
zaam1	tʃam55	簪,糌
zaam2	tʃam35	䁪,鏨{(又)},斬{(文)},嶄,寁
zaam3	tʃam33	偡,蘸{蘸墨},湛
zaam6	tʃam22	暫,鏨,蹔,站
zaan2	tʃan35	㜺{漂亮},驏,趲,盞,琖,棧{(白)客棧},昝{同咱字；姓},攢{(又)},拶{舊時酷刑},儹{(又)}
zaan3	tʃan33	濽{同灒字},酇{古縣名；姓},贊{贊助},讚{稱讚},瓚,灒
zaan6	tʃan22	棧{(文)棧道},賺,虥,綻,灒{(語)濺，又作濽字},濽{(語)濺},濺{(又)訓讀灒/濽}
zaang1	tʃaŋ55	㬹{肘；腳跟；俗字踭},踭{肘；腳跟；本字㬹},綪{屈曲},琤,爭{爭取；欠},掙{掙脫}
zaang3	tʃaŋ33	諍
zaang6	tʃaŋ22	䂻{硬塞；飽肚},掙{掙錢}
zaap3	tʃap3	偛,𥀈{皺紋},𤿪{皺紋，同𥀈字},譗,紮{(語)～馬步，又作劄字},砸{讀同匝},眨,抸,扎{(語)～馬步，又作劄字},咂,匝,劄{用針劄，劄記；～馬步，又作紮/扎字}
zaap6	tʃap2	扎{(語)馬～，又作閘字},雜,閘{(訓)訓讀牐},鍘{(訓)訓讀閘},鈒{粵字，～骨，衣服鎖邊，讀同閘/牐},紮{(語)馬～，又作閘字},牐,煠{(又)},渫{(又)}
zaat3	tʃat3	哳,軋{車輾；象聲詞},茁{(又)},紮{包紮，駐紮，一紮},札,拶{逼，擠壓},扎{扎針，掙扎}
zaat6	tʃat2	甴{曱～，蟑螂，本字蛣螏，或蝲蟽（邋遢）音變}
zaau1	tʃau55	啁,嘲
zaau2	tʃau35	找{尋找},爪{(文)},抓{搔、撓}
zaau3	tʃau33	㷹{(文)},𦻐{(文)},罩{(文)口罩},笊{(文)},炸{(文)}
zaau6	tʃau22	棹{槳；划},櫂{同棹字}
zai1	tʃɐi55	劑,齏,齎,隮,躋,擠{排擠，擠迫，擁擠；放置}
zai2	tʃɐi35	仔{仔女，本字崽},濟{濟濟一堂},滓{(又)},崽{小子或動物幼子，俗字仔},囝{小孩}
zai3	tʃɐi33	䎺{願意；合算},鰶,霽,際,迣{遮攔；超越},製{製造},穄,祭,磜,狾,濟{經濟},漈,晢{(又)},掣{掣肘；風馳電掣；〈語〉開關},制{制度}
zai6	tʃɐi22	嚌{嚐；〈語〉罷～，罷了},癠,滯,懘
zak1	tʃɐk5	仄,鰂{鰂魚，即鯽魚},鯽{(習)鯽魚},昃,則,側
zam1	tʃɐm55	斟,鍼{鍼砭，鍼灸},鍖{同椹字},針{針線，針對},葴,箴,祲,砧{又作椹字},瑊,椹{同砧字}
zam2	tʃɐm35	怎,枕{(名)枕頭}
zam3	tʃɐm33	揕,譖,浸{浸泡},枕{(動)枕戈待旦}
zam6	tʃɐm22	朕,𠹻{(量)股，一～氣，本字陣},鴆,陣{(語)量詞，股，一～氣，俗字朕/𠹻},浸{(語)～水，溺水，本字沈},沉{(語)～水，溺水，本字沈}
zan1	tʃɐn55	嶟,鷷,迍{迍邅},諄,衠,蓁{草盛貌},臻,胗,肫,罇{同樽字},繜,窀,禛,真,眞,甄,瑧,珒,珍,溱{溱頭河},津,樽,樼,榛,忳{同諄字}
zan2	tʃɐn35	儹{同攢字},隼,縝{(又)},綧,稹{(又)},準{標準，準備},槙{(又)},槇{(又)},攢{積攢},埻{箭靶},准{批准，准予}
zan3	tʃɐn33	俊,駿,餕,震,雋{同俊字},鎮,鎭,進,賑,葰{大},臸{前往},縉,竣,睃{(又)},畯,甽{溝渠},璡,瑱{同鎮字},瑨,焌{火燒},濬{疏通},溍,浚{疏通},晙,晉,振,峻,圳{深圳；溝渠，本字甽},儁
zan6	tʃɐn22	儘{儘管},陣{陣雨},贐,藎,紖,盡{耗盡},燼,濜,敶
zang1	tʃɐŋ55	䎖,鬙,鬇,錚,罾,繒{絲織品總稱},箏,矰,睜,猙,曾{姓},掙{(又)掙扎},憎,崢,增,噌{擬聲詞},僧
zang2	tʃɐŋ35	䒏,𤿆{䁅[mɐŋ35]～，同𤷪𤺧},𤺧{𤷪～，暴躁}
zang3	tʃɐŋ33	甑
zang4	tʃɐŋ21	噌{(語)詞綴，趯～～，四處逃竄}
zang6	tʃɐŋ22	繒{綁；紮},贈
zap1	tʃɐp5	執{執行，執法},臢{腌～，不潔},縶,汁
zap6	tʃɐp2	㗱,鰼,集,隰,襲,習,嶍,㿇{痺疾}
zat1	tʃɐt5	㰵{(又)},騭,鑕,質{質量；人質，舊讀},蟀{(語)織～，蟋蟀，又作蜶字},蜶{(語)蟋～，蟋蟀},窒{(語)塞；瓶塞},礩{柱下石},櫍,枳{(又)},晊,揤{捽；拭},捽{拭，同揤字},挃{(語)塞，本字窒},庢{(語)塞，本字窒},崒{(又)},厔{(語)塞，本字窒},卒{兵卒}
zat6	tʃɐt2	侄,銍,郅{郁郅},蛭,蒺,窒{窒息},礩{同窒字},疾{疾病；〈語〉長不大的，～崽},甴{(又)},桎,朮{白朮},挃{撞也；穫聲},庢{盩庢，縣名},嫉,姪,厔{同庢字}
zau1	tʃɐu55	周{周圍；姓},鵃,鯫,鬏,騶,陬,鄹,鄒,週{週期},輈,賙,譸,謅,諏,蝤{蝤蛑},舟,盩,湫{湫水河},洲,揫,揪,掫{巡夜打更},州,婤,啾
zau2	tʃɐu35	帚,酒,走,肘
zau3	tʃɐu33	㑳,蔟{(又)太蔟},縐,皺,椆{木椆},晝,揍,奏,咒,㥮
zau6	tʃɐu22	㠇,鷲,鮦{鮦陽},驟,酎,袖,葤,胄{貴胄},繇{卦兆辭},紂,籀,岫,就,宙,冑{甲冑},僦,㩆
ze1	tʃɛ55	啫{～～煲，～喱},遮,姐{(白)家姐},嗻,嗟
ze2	tʃɛ35	咗{(老派)},鍺,赭,者,毑,姐{姐弟},唨{(老派)}
ze3	tʃɛ33	䗪,鷓,藉{藉口},蔗,柘,唶{歎聲},借
ze5	tʃɛ24	這{又～又那，麻煩事多}
ze6	tʃɛ22	榭,謝
zek3	tʃɛk3	嵴,鶺,隻,蹠,蹐,跖,脊,瘠,摭
zek6	tʃɛk2	席{草席，同蓆字},褯,蓆{草蓆}
zem2	tʃɛm35	斬{(白)}
zem3	tʃɛm33	蘸{(白)}
zen2	tʃɛn35	盞{(白)}
zeng1	tʃɛŋ55	精{(白)機靈}
zeng2	tʃɛŋ35	丼{(白)同井字},阱{(白)},肼,汫,井{(白)}
zeng3	tʃɛŋ33	正{(白)正斗，正嘢}
zeng6	tʃɛŋ22	凈{(白)乾凈},淨{(白)乾淨}
zep1	tʃɛp5	㗱{(語)吸奶聲}
zep6	tʃɛp2	㗱{(語)咀嚼聲},煠{(又)},渫{(又)}
zet1	tʃɛt5	㵶{(白)},𡁶{(白)},瀄{(白)},擳{(白)}
zet6	tʃɛt2	截{(白)詞綴，白～～，慘白}
zeu1	tʃɛu55	啁{(白)吱吱～～，唧唧喳喳},焦{(白)飯焦，鍋巴}
zeu2	tʃɛu35	找{(白)找錢},爪{(白)爪牙}
zeu3	tʃɛu33	㷹{(白)用油炸},𦻐{(白)同㷹字},罩{(白)罩住},笊{(白)},炸{(白)用油炸，本字㷹}
zeu6	tʃɛu22	棹{(白)},櫂{(白)}
zi1	tʃi55	㞢{同之字},齜,齍,鼒,鶅,鳷,鯔,髭,鎡,錙,鈭,鄑,輜,趑,資,貲,諮,訾{姓},觜{二十八宿之一},衼,螆,蜘,蛓,菑{田一歲},茲{茲日},芝,臸{到達；如一},脂,胝,胑,肢,緇,粢,秪,祗,知,畠{同甾字},甾{同淄字},澬{久雨積水；水名},滋,淄,泜{泜河},汥{水聚積},氏{月氏，閼氏},榰,椔,梔,栺{栺栭},枝,支,擠{(語)表擁擠，～來～去，官話借詞},巵,嵫,孳,孜,子{(白)等下子，一下子},姿,嗞,咨,呲{同齜字},吱,卮,之,䊷
zi2	tʃi35	㧗,𦭜,黹,阯,酯,軹,趾,訿,訾{詆毁},衹{同祇字},虸,茝{白芷},茋,茈{茈草},芷,芓{同耔字},胏,耔,紫,紙,籽,笫,秭,祉,祇{同只字},疻,滓,沚,汦,止,梓,栺{木名},枳,杍,旨,指,扺,恉,徵{五音之一},子{孔子},姊,坁,址,咫,呰,只,厎,凪,仔{仔細}
zi3	tʃi33	伿{(又)},鷙,騺,駤,輊,躓,贄,質{人質，舊讀統讀[tʃɐt5]},識{標識},誌{雜誌},觶,致{導致},至,胾,置,緻{細緻},稚{(又)幼稚，前字調感染},礩{(又)柱下石},痣,疐{停滯、阻礙},潪{水名},梽,智,摯,懫,懥,恣,忮,志{志向},寘,剚,倳
zi6	tʃi22	㨁{投；持},雉,阤{山坡},跱,豸,芓{同茡字；隄},自,耜,稚,眥{眼眶},痔,畤,牸,滍,泜{水名，在河南},治,歭{同偫字},杝{析薪},徥{(又)},彘,廌,庤,峙,寺{寺廟},字,兕,傂,偫
zik1	tʃek5	勣,鯽{(書)},陟,蹟{古蹟},踖,跡{足跡},襀,蠀{尺蠖蟲},蟋{(訓)～蟀[tʃɐt5]，訓讀織蟀},膱{油敗},職,織,績,積,稷,磧{沙磧},癪,炙,漬{(訓)訓讀積/蹟},樴,擿{(又)},擲{(又)},幘,尐{有花紋的雌蟬},堲,唧,卽,即
zik3	tʃek3	炙{(又)},鶺{(又)},隻{(又)},蹠{(又)},蹐{(又)},脊{(又)},瘠{(又)}
zik6	tʃek2	㨁{拄杖},褯{(又)},蟄,藉{狼藉},耤,籍,穸,稙,矽,直,潪{水稍滲入土},湜,汐,殖,植,席{主席},寂,夕,埴,值
zim1	tʃim55	䀡{同覘字},黏{黏米},霑,譫,詹,覘{窺視},襜{(又)},粘{粘米},瞻,沾,櫼{(又)},憸{(語)㤿憸，愛挑剔},嶦,尖,占{占卜}
zim2	tʃim35	颭
zim3	tʃim33	佔{佔領}
zim6	tʃim22	漸
zin1	tʃin55	戔,鸇,鱣{鱘鰉魚},饘,韉,籛,煎,湔,氊,氈,栴,旃
zin2	tʃin35	剪,𦟌{腱子},輾{輾轉},蹍,踐,趼{(白)},譾,諓,翦,碾{(又)},搌,戩,展,媊,囅{(又)}
zin3	tʃin33	戰,顫,薦,荐,箭,牮
zin6	tʃin22	濺{濺水，與瀄/㵶對轉},餞,賤,纏{(又)}
zing1	tʃeŋ55	偵{偵察},鼱,鶄,鯖{同𦙫字，魚肉雜燴},鉦{古樂器},貞,蒸,菁,腈{精肉；有機化合物},精{精神},箐{笭箐},禎,睛,癥{癥結},烝,湞,正{正月},楨,晶,旌,怔,徵{徵求},征{征伐}
zing2	tʃeŋ35	丼{(文)},整,撜{同拯字},拯,井{(文)}
zing3	tʃeŋ33	幀,證,証,症{症狀},正{正式},政
zing6	tʃeŋ22	䝼{賜予},靜,靚{妝飾，打扮},靖,阱{(文)},鄭,竫,瀞,淨{淨重},婧,剩{(習)},凈{凈重}
zip3	tʃip3	䀹{(又)},霅{霅溪},輒,讋,褶,浹{浹洽，汗流浹背},楫{(又)舟楫},摺{摺疊，存摺},接,囁
zit1	tʃit5	㵶,𡁶,瀄{擠水射出，與濺對轉},擳{擠；胳肢}
zit3	tʃit3	哲,轍,踅{(訓)折回，訓讀折},蜇,節,癤,浙,櫛,晢,折{折斷},悊,岊,尐{少},喆
zit6	tʃit2	婕,睫,捷,截{截斷；量詞}
ziu1	tʃiu55	僬{僬僥},鷦,鉊,詔{(常)詔書，讀同招},蕉,礁,燋{引火用的柴},焦{焦土},沼{(常)沼澤，讀同招},椒,朝{朝早},昭{(又)},招,召{(訓)召喚、召集，訓讀招}
ziu2	tʃiu35	剿{剿滅},湫{低窪},沼,摷{拘擊},勦{勦滅}
ziu3	tʃiu33	僬{僬僬},醮,詔,皭,照,炤{同照字},曌,嘦
ziu6	tʃiu22	兆,鮡,銚{放射性化學元素},趙,旐,噍{嚼},召{號召}
zo2	tʃɔ35	佐{輔佐，佐料},阻,詛{詛咒},左,岨{同阻字},唨{粵字，咗的舊寫},咗{粵字，助词，表完成，來源於着，本地用嗮；極其老派用[tʃœ35/tʃɛ35]➔[hœ35/hɛ35]，相當於嗮，或與咗同源},俎
zo4	tʃɔ21	趖{(語)走～～，疾行貌；滾～～，熱鬧貌；崩～～，倒塌貌}
zo6	tʃɔ22	助,昨{(語)又作坐字，又或語流音變},座,唑
zoe1	tʃœ55	啫{(又)～～煲；～～聲，油炸聲}
zoe2	tʃœ35	咗{(老派)},唨{(老派)}
zoe4	tʃœ21	啫{(又)～～聲，鞭炮引線點着聲}
zoek3	tʃœk3	䓬,鐯,酌,著{著衫},芍{芍藥},禚,着{穿着，着衫},皭{(又)},爵,爝,灼,汋{同酌字；激水聲},桌{桌面，舊讀},杓{杯杓},晫,斮,斫,妁,嚼,卓{卓越，舊讀},勺{同酌字},倬
zoek6	tʃœk2	着{着涼，睡着},著{睡著}
zoeng1	tʃœŋ55	嫜,鱂,鄣,蟑,章,璋,獐,漿,漳,樟,暲,彰,張,將{將來}
zoeng2	tʃœŋ35	丈{(白)姨丈，姑丈},鞝{扇馬鞍皮},長{生長},蔣,獎,漲{(又)},槳,掌,奬,仉
zoeng3	tʃœŋ33	仗{打仗},障,醬,賬,脹,瘴,漲{漲水，漲價；漲大},幛,帳,嶂,將{大將}
zoeng6	tʃœŋ22	丈{丈夫，丈量},象,蟓,橡,杖,匠,像,仗{倚仗，炮仗}
zoet1	tʃœt5	㰵{(語)吮吸；吻；又作嘬/欼/歠/啜字},歠{(又)},欼{(又)},嘬{(又)},啜{(又)吮吸，訓讀㰵}
zoi1	tʃɔi55	哉,菑{同災字},甾{化合物名},灾,災,栽
zoi2	tʃɔi35	宰,載{年載},崽{(又)}
zoi3	tʃɔi33	再,載{載重，記載}
zoi6	tʃɔi22	在,扗
zok3	tʃɔk3	䓬{(又)},諑{(又)},琢{(又)},涿{(又)},椓{(又)},桌{(又)新讀},晫{(又)},捉,卓{(又)新讀},倬{(又)},作
zok6	tʃɔk2	岞,鷟,鑿{開鑿；鑿子},酢{酬酢},笮{竹索},砟{砟硌},濯,浞,柞,昨{昨晚},擢,怍
zong1	tʃɔŋ55	妝,𥅾,髒{骯髒},贓,裝,莊,臧,粧,牂,樁,庄
zong2	tʃɔŋ35	駔{壯馬；駔儈}
zong3	tʃɔŋ33	壯,葬,戇{戇直}
zong6	tʃɔŋ22	僮{僮族},藏{寶藏},臟{五臟},狀,漴,撞,幢{量詞},奘
zu1	tʃu55	租,遭,糟
zu2	tʃu35	早,駔{駿馬},蚤,藻,繰{絳紫色帛},組,祖,璪,璅{似玉的石},珇,澡,棗
zu3	tʃu33	做,竈,灶
zu6	tʃu22	唕,阼,造{製造；造詣，已統讀},胙,簉,祚,皂{肥皂},皁{皁角},慥{(又)},唣
zui1	tʃui55	䘒{赤子陰},魋{同椎字},騅,隹,錐{圓錐},追,脧{赤子陰},椎{椎骨},朘{赤子陰}
zui2	tʃui35	嘴,觜{同嘴字},沝
zui3	tʃui33	㙍,醉,蕞,綴,檇,槜,最,晬,惴
zui6	tʃui22	墜,贅,膇,罪,縋,綴{(又)},懟{(又)}
zuk1	tʃʊk5	囑,鬻{同粥字},鐲{(白)},足,蠋,蜀{(常)},粥,竺,竹,祝,矚,瘃,燭,柷
zuk6	tʃʊk2	俗,鐲,鏃,逐,軸,躅,藚,舳,續,濁,族,妯,嗾{(又)}
zung1	tʃʊŋ55	䁓,鬷,鬃,騣,鐘{鬧鐘},鍾{鍾情},迚,蹱,蹤,衷,螽,舯,腙,綜{綜合},終,盅,潨{崖岸},潀{崖岸},淙{(習)},樅{樅陽},椶{同棕字},棕,柊{(又)},忪{怔忪},忠,宗,倧,中{中間}
zung2	tʃʊŋ35	傯,踵,腫,總,種{種類},种{同種字},熜{用麻莖捆扎成的火炬},摠,塚,冢
zung3	tʃʊŋ33	䝋{公豬},衆,綜{織布機上的綜},糉,粽,種{種植},种{同種字},眾,瘲,偅,中{中計}
zung6	tʃʊŋ22	仲{伯仲；副詞，還、仍，本字重},頌,重{副詞，還、仍，俗字仲},誦,訟,茽,縱{放縱；縱橫，已統讀}
zy1	tsɿ55	䊷{(老派)},齜{(老派)},齍{(老派)},鼒{(老派)},鶅{(老派)},鯔{(老派)},髭{(老派)},鎡{(老派)},錙{(老派)},鈭{(老派)},鄑{(老派)},輜{(老派)},趑{(老派)},資{(老派)},貲{(老派)},諮{(老派)},訾{(老派)},觜{(老派)},螆{(老派)},蛓{(老派)},菑{(老派)},茲{(老派)茲日},緇{(老派)},粢{(老派)},畠{(老派)},甾{(老派)},澬{(老派)},滋{(老派)},淄{(老派)},椔{(老派)},嵫{(老派)},孳{(老派)},孜{(老派)},姿{(老派)},嗞{(老派)},咨{(老派)},呲{(老派)}
zy2	tsɿ35	㧗{(老派)},訿{(老派)},訾{(老派)},虸{(老派)},茈{(老派)},芓{(老派)},胏{(老派)},耔{(老派)},紫{(老派)},籽{(老派)},笫{(老派)},秭{(老派)},滓{(老派)},梓{(老派)},杍{(老派)},子{(老派)},姊{(老派)},呰{(老派)},仔{(老派)仔細}
zy3	tsɿ33	倳{(老派)},胾{(老派)},恣{(老派)},剚{(老派)}
zy6	tsɿ22	兕{(老派)},芓{(老派)},自{(老派)},耜{(老派)},牸{(老派)},寺{(老派)},字{(老派)}
zyu1	tʃy55	侏,雎,銖,邾,趄{趑趄},豬,諸,誅,蛛,藷{藷蔗},菹,茱,苴{苴麻},硃{硃砂},砠,疽,珠,狙,瀦,洙,沮{沮水},櫫,櫧,株,朱{姓},岨{同砠字},娵,姝
zyu2	tʃy35	主,齟,麈,鉏{鉏鋙},煮,煑{同煮字},渚,沮{沮喪},拄,岨{同齟字},咀{咀嚼}
zyu3	tʃy33	沮{沮洳},駐,鑄,註{註解},蛀,著{著作},翥,疰,炷,注{注意}
zyu6	tʃy22	住,駐{(又)},芧{橡樹或橡實},聚,箸,漵,敘,敍,序,嶼{(又)},垿
zyun1	tʃyn55	專,鷷{(老派)},鱒,顓,鑽{(動)鑽研},鐫,鐏,遵,迍{(老派)},躦,諄{(老派)},衠{(老派)},膞,脧{減縮；剝削},肫{(老派)},耑{同專字},罇{(老派)},繜{(老派)},窀{(老派)},磚,珒{(老派)},津{(老派)},樽{(老派)},朘{減縮；剝削},忳{(老派)},嶟{(老派)},尊
zyun2	tʃyn35	僔,隼{(老派)},轉{轉送},綧{(老派)},準{(老派)},撙,埻{(老派)},囀,噂,准{(老派)}
zyun3	tʃyn33	轉{轉動},鑽{(名)鑽子}
zyun6	tʃyn22	䉵,饌,譔,纘,纂,籑,篆,瑑,旋{(語)髮旋},攥,撰,僝{具備},僎{具備},傳{傳記}
zyut1	tʃyt5	㰵{吮吸；飲},蟀{(語)～～，蟋蟀，又作蜶字},崒{(又)},卒{(老派)}
zyut3	tʃyt3	剟,輟,裰,蕝,茁,腏,絀,歠,欼,棁{梁上的短柱},梲{梁上的短柱},敠,攥{(又)},撮{(又)},掇,拙,惙,嘬{吮吸},啜{啜泣；姓},叕
zyut6	tʃyt2	崒,絕,椊,枠,捽{揪}
